run_id,pipeline,category,source,quote_intent,match_ratio,text_length,quote_text
emb_v05_craft_v2,embedding,confabulation,tagged,quotation,0.000,89,"""My Lady Dedlock, who is childless"" — tucked into the sentence almost as an afterthought."
emb_v05_craft_v2,embedding,detector_false_positive,inline,repetition,0.000,32,not only... not only... not only
emb_v10_conservative,embedding,detector_false_positive,inline,quotation,0.000,21,munching and gnawing.
emb_v11_marxist,embedding,detector_false_positive,inline,uncertain,0.000,34,"My Lady Dedlock, who is childless."
emb_v15_trevelyan_for_hartley,embedding,detector_false_positive,inline,uncertain,0.000,30,It was a dark and stormy night
emb_v15_trevelyan_for_hartley,embedding,confabulation,tagged,quotation,0.000,56,And then he says: 'I have an object now — or it has me.'
emb_v16_trevelyan_for_blackstone,embedding,detector_false_positive,inline,quotation,0.000,30,ought to be — as here they are
emb_v16_trevelyan_for_blackstone,embedding,detector_false_positive,inline,repetition,0.000,32,not only... not only... not only
emb_v17_trevelyan_edmund,embedding,detector_false_positive,inline,uncertain,0.000,31,"he is not, he is not, he is not"
emb_v17_trevelyan_edmund,embedding,detector_false_positive,inline,quotation,0.000,21,laughter that curdles
emb_v18_trevelyan_rosen,embedding,detector_false_positive,inline,uncertain,0.000,33,"My Lady Dedlock, who is childless"
emb_v18_trevelyan_rosen,embedding,detector_false_positive,inline,quotation,0.000,20,in simple reverence.
emb_v19_all_swapped,embedding,detector_false_positive,inline,uncertain,0.000,28,Michaelmas term lately over.
emb_v19_all_swapped,embedding,detector_false_positive,inline,repetition,0.000,35,which has... which has... which has
emb_v19_all_swapped,embedding,confabulation,tagged,quotation,0.000,85,Bent head — bitten nail — lowering eye — lingering step — purposeless and dreamy air.
emb_v19_all_swapped,embedding,detector_false_positive,inline,uncertain,0.000,21,an invisible accuser.
emb_v21_hartley_blackstone_edmund,embedding,confabulation,inline,quotation,0.000,55,hypocrisy can afford to be magnificent in its promises.
emb_v21_hartley_blackstone_edmund,embedding,detector_false_positive,inline,quotation,0.000,20,in the same phrase —
emb_v22_hartley_blackstone_rosen,embedding,detector_false_positive,inline,repetition,0.000,35,which has... which has... which has
emb_v23_hartley_woodcourt_rosen,embedding,detector_false_positive,inline,repetition,0.000,47,Which has its... which has its... which has its
emb_v23_hartley_woodcourt_rosen,embedding,detector_false_positive,inline,quotation,0.000,27,"Well, does he really think?"
emb_v23_hartley_woodcourt_rosen,embedding,detector_false_positive,inline,repetition,0.000,34,always the same... always the same
emb_v24_hartley_edmund_rosen,embedding,detector_false_positive,inline,quotation,0.000,36,London. Implacable November weather.
emb_v24_hartley_edmund_rosen,embedding,detector_false_positive,inline,quotation,0.000,24,determination to feel it
emb_v25_hartley_rosen_trevelyan,embedding,detector_false_positive,inline,repetition,0.000,35,which has... which has... which has
emb_v25_hartley_rosen_trevelyan,embedding,detector_false_positive,inline,uncertain,0.000,21,buzzing and laughing.
emb_v25_hartley_rosen_trevelyan,embedding,detector_false_positive,inline,uncertain,0.000,39,"Angel temper, pretty shape, sweet voice"
emb_v29_blackstone_rosen_trevelyan,embedding,detector_false_positive,inline,quotation,0.000,28,not what other children are.
emb_v29_blackstone_rosen_trevelyan,embedding,detector_false_positive,inline,quotation,0.000,22,Speechless repository.
emb_v29_blackstone_rosen_trevelyan,embedding,detector_false_positive,inline,uncertain,0.000,34,Her name — her husband — her shame
emb_v30_woodcourt_edmund_trevelyan,embedding,confabulation,tagged,quotation,0.000,24,Whose delicacy I offend.
emb_v30_woodcourt_edmund_trevelyan,embedding,detector_false_positive,inline,uncertain,0.000,21,dandyism in religion.
emb_v30_woodcourt_edmund_trevelyan,embedding,detector_false_positive,inline,repetition,0.000,35,not only... not only... not only...
emb_v30_woodcourt_edmund_trevelyan,embedding,detector_false_positive,inline,uncertain,0.000,27,shepherds on Chancery pipes
emb_v12_radical_panel,embedding,confabulation,tagged,quotation,0.026,172,"'Native ignorance, the growth of English soil and climate, sinks his immortal nature lower than the beasts that perish' — Dickens knew exactly who had cultivated that soil."
emb_v01_baseline,embedding,confabulation,tagged,quotation,0.031,229,To behold the Lord Chancellor and the whole array of practitioners under him looking at one another and at the spectators as if nobody had ever heard that all over England the name in which they were assembled was a bitter jest —
emb_v29_blackstone_rosen_trevelyan,embedding,confabulation,tagged,quotation,0.037,216,"The woman at Jo's bedside puts it with accidental precision when she says the 'pretty dear' — meaning Esther — 'caught his illness, lost her beautiful looks, and wouldn't hardly be known for the same young lady now.'"
emb_v01_baseline,embedding,confabulation,tagged,quotation,0.055,176,"— was held in universal horror, contempt, and indignation, was known for something so flagrant and bad that little short of a miracle could bring any good out of it to any one."
emb_v10_conservative,embedding,confabulation,tagged,quotation,0.058,200,"But whether each evermore watches and suspects the other, evermore mistrustful of some great reservation; whether each is evermore prepared at all points for the other, and never to be taken unawares—"
emb_v29_blackstone_rosen_trevelyan,embedding,confabulation,tagged,quotation,0.058,200,"But whether each evermore watches and suspects the other, evermore mistrustful of some great reservation; whether each is evermore prepared at all points for the other, and never to be taken unawares—"
emb_v29_blackstone_rosen_trevelyan,embedding,confabulation,tagged,quotation,0.112,167,"And then he says it plainly: 'Stand forth, Jo, in uncompromising colours. From the sole of thy foot to the crown of thy head, there is nothing interesting about thee.'"
emb_v05_craft_v2,embedding,confabulation,tagged,quotation,0.140,184,Both the world of fashion and the Court of Chancery are things of precedent and usage: oversleeping Rip Van Winkles who have played at strange games through a deal of thundery weather.
emb_v11_marxist,embedding,confabulation,tagged,quotation,0.157,199,"Is it not a horrible reflection that if this wretched creature were a convicted prisoner, his hospital would be wide open to him, and he would be as well taken care of as any sick boy in the kingdom?"
emb_v12_radical_panel,embedding,confabulation,tagged,quotation,0.157,199,"Is it not a horrible reflection that if this wretched creature were a convicted prisoner, his hospital would be wide open to him, and he would be as well taken care of as any sick boy in the kingdom?"
emb_v23_hartley_woodcourt_rosen,embedding,confabulation,tagged,quotation,0.157,199,"is it not a horrible reflection that if this wretched creature were a convicted prisoner, his hospital would be wide open to him, and he would be as well taken care of as any sick boy in the kingdom?"
emb_v01_baseline,embedding,confabulation,tagged,quotation,0.160,200,"Is it not a horrible reflection, that if this wretched creature were a convicted prisoner, his hospital would be wide open to him, and he would be as well taken care of as any sick boy in the kingdom?"
emb_v22_hartley_blackstone_rosen,embedding,confabulation,tagged,quotation,0.160,200,"Is it not a horrible reflection, that if this wretched creature were a convicted prisoner, his hospital would be wide open to him, and he would be as well taken care of as any sick boy in the kingdom?"
emb_v24_hartley_edmund_rosen,embedding,confabulation,tagged,quotation,0.160,200,"Is it not a horrible reflection, that if this wretched creature were a convicted prisoner, his hospital would be wide open to him, and he would be as well taken care of as any sick boy in the kingdom?"
emb_v25_hartley_rosen_trevelyan,embedding,confabulation,tagged,quotation,0.160,200,"Is it not a horrible reflection, that if this wretched creature were a convicted prisoner, his hospital would be wide open to him, and he would be as well taken care of as any sick boy in the kingdom?"
emb_v17_trevelyan_edmund,embedding,confabulation,tagged,quotation,0.274,119,"— every noise is merged, this moonlight night, into a distant ringing hum, as if the city were a vast glass, vibrating."
emb_v16_trevelyan_for_blackstone,embedding,confabulation,tagged,quotation,0.325,156,a lady in a wale as sed she wos a servant and as come to my crossin one night and asked to be showd this 'ere ouse and the berrin-ground wot he's berrid in.
emb_v28_blackstone_edmund_trevelyan,embedding,confabulation,tagged,quotation,0.329,154,"""I say indelibly, for I felt persuaded that if the fatal cause could have been for ever terminated, according to his brightest visions, in that same hour,"
emb_v28_blackstone_edmund_trevelyan,embedding,confabulation,tagged,quotation,0.436,108,"""It can't last for ever. I am young and earnest, and energy and determination have done wonders many a time."
emb_v11_marxist,embedding,confabulation,tagged,quotation,0.443,191,"Fog in the eyes and throats of ancient Greenwich pensioners, wheezing by the firesides of their wards; fog cruelly pinching the toes and fingers of his shivering little 'prentice boy on deck."
emb_v29_blackstone_rosen_trevelyan,embedding,confabulation,tagged,quotation,0.443,191,"Fog in the eyes and throats of ancient Greenwich pensioners, wheezing by the firesides of their wards; fog cruelly pinching the toes and fingers of his shivering little 'prentice boy on deck."
emb_v24_hartley_edmund_rosen,embedding,confabulation,inline,uncertain,0.488,55,"peg away at Blackstone with the most tremendous ardour,"
emb_v30_woodcourt_edmund_trevelyan,embedding,confabulation,tagged,quotation,0.498,161,"And then: 'I have been moved on, and moved on, more nor ever I was afore — Mrs. Snagsby, she's always a-watching, and a-driving of me — what have I done to her?'"
emb_v05_craft_v2,embedding,confabulation,tagged,quotation,0.505,146,The advice he attributes to honourable practitioners — 'Suffer any wrong that can be done you rather than come here' — that was the lived reality.
emb_v16_trevelyan_for_blackstone,embedding,detector_false_positive,inline,repetition,0.505,44,never can there come... never can there come
emb_v22_hartley_blackstone_rosen,embedding,confabulation,tagged,quotation,0.512,75,Costs is the only power on earth that will ever get anything out of it now.
emb_v01_baseline,embedding,confabulation,inline,uncertain,0.515,76,It appeared to be something droll... it appeared to be something interesting
emb_v15_trevelyan_for_hartley,embedding,confabulation,tagged,quotation,0.560,97,Not merely to be told that I am scarcely human... but to feel it of my own knowledge all my life!
emb_v19_all_swapped,embedding,confabulation,inline,uncertain,0.569,58,"who are to rejoice at nothing, who are not to be disturbed"
emb_v28_blackstone_edmund_trevelyan,embedding,confabulation,tagged,quotation,0.575,65,London. Michaelmas term lately over. Implacable November weather.
emb_v25_hartley_rosen_trevelyan,embedding,confabulation,tagged,quotation,0.579,223,"The young lady that was such a pretty dear caught his illness, lost her beautiful looks, and wouldn't hardly be known for the same young lady now if it wasn't for her angel temper, and her pretty shape, and her sweet voice."
emb_v15_trevelyan_for_hartley,embedding,detector_false_positive,inline,uncertain,0.583,43,gone into mourning for the death of the sun
emb_v12_radical_panel,embedding,detector_false_positive,inline,quotation,0.586,44,gone into mourning for the death of the sun.
emb_v29_blackstone_rosen_trevelyan,embedding,detector_false_positive,inline,uncertain,0.586,44,Gone into mourning for the death of the sun.
emb_v01_baseline,embedding,confabulation,tagged,quotation,0.587,123,"It must be a strange state, not merely to be told that I am scarcely human, but to feel it of my own knowledge all my life!"
emb_v05_craft_v2,embedding,confabulation,tagged,quotation,0.587,123,"It must be a strange state, not merely to be told that I am scarcely human, but to feel it of my own knowledge all my life!"
emb_v11_marxist,embedding,confabulation,tagged,quotation,0.587,123,"It must be a strange state, not merely to be told that I am scarcely human, but to feel it of my own knowledge all my life!"
emb_v12_radical_panel,embedding,confabulation,tagged,quotation,0.587,123,"It must be a strange state, not merely to be told that I am scarcely human, but to feel it of my own knowledge all my life!"
emb_v14_trevelyan_for_woodcourt,embedding,confabulation,tagged,quotation,0.587,123,"It must be a strange state, not merely to be told that I am scarcely human, but to feel it of my own knowledge all my life!"
emb_v16_trevelyan_for_blackstone,embedding,confabulation,tagged,quotation,0.587,123,"It must be a strange state, not merely to be told that I am scarcely human, but to feel it of my own knowledge all my life!"
emb_v18_trevelyan_rosen,embedding,confabulation,tagged,quotation,0.587,123,"It must be a strange state, not merely to be told that I am scarcely human, but to feel it of my own knowledge all my life."
emb_v19_all_swapped,embedding,confabulation,tagged,quotation,0.587,123,"It must be a strange state, not merely to be told that I am scarcely human, but to feel it of my own knowledge all my life!"
emb_v21_hartley_blackstone_edmund,embedding,confabulation,tagged,quotation,0.587,123,"It must be a strange state, not merely to be told that I am scarcely human, but to feel it of my own knowledge all my life!"
emb_v23_hartley_woodcourt_rosen,embedding,confabulation,tagged,quotation,0.587,123,"It must be a strange state, not merely to be told that I am scarcely human, but to feel it of my own knowledge all my life!"
emb_v24_hartley_edmund_rosen,embedding,confabulation,tagged,quotation,0.587,123,"It must be a strange state, not merely to be told that I am scarcely human, but to feel it of my own knowledge all my life!"
emb_v25_hartley_rosen_trevelyan,embedding,confabulation,tagged,quotation,0.587,123,"It must be a strange state, not merely to be told that I am scarcely human, but to feel it of my own knowledge all my life!"
emb_v26_blackstone_woodcourt_edmund,embedding,confabulation,tagged,quotation,0.587,123,"It must be a strange state, not merely to be told that I am scarcely human, but to feel it of my own knowledge all my life!"
emb_v27_blackstone_edmund_rosen,embedding,confabulation,tagged,quotation,0.587,123,"It must be a strange state, not merely to be told that I am scarcely human, but to feel it of my own knowledge all my life!"
emb_v30_woodcourt_edmund_trevelyan,embedding,confabulation,tagged,quotation,0.587,123,"It must be a strange state, not merely to be told that I am scarcely human, but to feel it of my own knowledge all my life."
emb_v01_baseline,embedding,detector_false_positive,inline,repetition,0.587,97,Fog up the river... fog down the river... fog on the Essex marshes... fog on the Kentish heights.
emb_v21_hartley_blackstone_edmund,embedding,confabulation,tagged,quotation,0.589,94,A young man so unfortunate cannot at first believe — who could? — that Chancery is what it is.
emb_v17_trevelyan_edmund,embedding,confabulation,tagged,quotation,0.593,81,He has acquired too a distrust of his own mother and a contempt for his own kind.
emb_v18_trevelyan_rosen,embedding,confabulation,tagged,quotation,0.595,224,"dwelling among mankind but not consorting with them, aged without experience of genial youth, and so long used to make his cramped nest in holes and corners of human nature that he has forgotten its broader and better range."
emb_v24_hartley_edmund_rosen,embedding,verifier_false_negative,tagged,quotation,0.608,66,"Put me in a horsepittle, and ses 'Hook it! Nobody wants you here.'"
emb_v19_all_swapped,embedding,verifier_false_negative,tagged,quotation,0.609,57,A million of obstacles to the commonest business of life.
emb_v23_hartley_woodcourt_rosen,embedding,verifier_false_negative,inline,quotation,0.610,121,"new deposits to the crust upon crust of mud, sticking at those points tenaciously, and accumulating at compound interest."
emb_v05_craft_v2,embedding,verifier_false_negative,tagged,quotation,0.614,90,The story goes that Sir Leicester paid some who could have spoken out to hold their peace.
emb_v19_all_swapped,embedding,verifier_false_negative,tagged,quotation,0.614,90,The story goes that Sir Leicester paid some who could have spoken out to hold their peace.
emb_v26_blackstone_woodcourt_edmund,embedding,verifier_false_negative,tagged,quotation,0.614,90,The story goes that Sir Leicester paid some who could have spoken out to hold their peace.
emb_v30_woodcourt_edmund_trevelyan,embedding,verifier_false_negative,tagged,quotation,0.622,53,Ought to have been her husband. Not a doubt about it.
emb_v23_hartley_woodcourt_rosen,embedding,verifier_false_negative,tagged,quotation,0.624,95,"""A young man so unfortunate cannot at first believe — who could? — that Chancery is what it is."
emb_v27_blackstone_edmund_rosen,embedding,verifier_false_negative,tagged,quotation,0.624,95,"""A young man so unfortunate cannot at first believe — who could? — that Chancery is what it is."
emb_v28_blackstone_edmund_trevelyan,embedding,verifier_false_negative,tagged,quotation,0.624,95,"""A young man so unfortunate cannot at first believe — who could? — that Chancery is what it is."
emb_v15_trevelyan_for_hartley,embedding,verifier_false_negative,tagged,quotation,0.627,66,And the eyes — 'those large bright eyes that used to be so merry.'
emb_v25_hartley_rosen_trevelyan,embedding,verifier_false_negative,inline,quotation,0.628,92,with a crew of ghostly clients imploring all whom they may encounter to peruse their papers.
emb_v21_hartley_blackstone_edmund,embedding,verifier_false_negative,tagged,quotation,0.634,215,"To see everything going on so smoothly and to think of the roughness of the suitors' lives and deaths; to see all that full dress and ceremony and to think of the waste, and want, and beggared misery it represented."
emb_v25_hartley_rosen_trevelyan,embedding,verifier_false_negative,tagged,quotation,0.646,131,"I counted twenty-three gentlemen in wigs who said they were 'in it,' and none of them appeared to understand it much better than I."
emb_v11_marxist,embedding,verifier_false_negative,tagged,quotation,0.654,71,"""By the light of the fire he can be seen looking towards the moonlight."
emb_v15_trevelyan_for_hartley,embedding,verifier_false_negative,tagged,quotation,0.654,71,"""By the light of the fire he can be seen looking towards the moonlight."
emb_v16_trevelyan_for_blackstone,embedding,verifier_false_negative,tagged,quotation,0.654,71,"""By the light of the fire he can be seen looking towards the moonlight."
emb_v18_trevelyan_rosen,embedding,verifier_false_negative,tagged,quotation,0.654,71,"""By the light of the fire he can be seen looking towards the moonlight."
emb_v29_blackstone_rosen_trevelyan,embedding,verifier_false_negative,tagged,quotation,0.654,71,"""By the light of the fire he can be seen looking towards the moonlight."
emb_v23_hartley_woodcourt_rosen,embedding,verifier_false_negative,tagged,quotation,0.655,98,"but he still looks to it, and hankers after it, and finds his whole world treacherous and hollow."""
emb_v28_blackstone_edmund_trevelyan,embedding,verifier_false_negative,tagged,quotation,0.655,98,"but he still looks to it, and hankers after it, and finds his whole world treacherous and hollow."""
emb_v17_trevelyan_edmund,embedding,verifier_false_negative,tagged,quotation,0.658,165,"it was so unlike hopefulness, had something so fierce in its determination to be it, was so hungry and eager, and yet so conscious of being forced and unsustainable."
emb_v27_blackstone_edmund_rosen,embedding,verifier_false_negative,tagged,quotation,0.658,165,"It was so unlike hopefulness, had something so fierce in its determination to be it, was so hungry and eager, and yet so conscious of being forced and unsustainable."
emb_v24_hartley_edmund_rosen,embedding,verifier_false_negative,tagged,quotation,0.662,135,"If I went into Kenge's office, and if I were placed under articles to Kenge, I should have my eye on the — hum! — the forbidden ground."
emb_v11_marxist,embedding,verifier_false_negative,tagged,quotation,0.665,182,"one of those delightfully irregular houses where you go up and down steps out of one room into another, and where you come upon more rooms when you think you have seen all there are."
emb_v16_trevelyan_for_blackstone,embedding,verifier_false_negative,tagged,quotation,0.665,182,"This is the Court of Chancery, which has its decaying houses and its blighted lands in every shire, which has its worn-out lunatic in every madhouse and its dead in every churchyard."
emb_v28_blackstone_edmund_trevelyan,embedding,verifier_false_negative,tagged,quotation,0.665,182,"This is the Court of Chancery, which has its decaying houses and its blighted lands in every shire, which has its worn-out lunatic in every madhouse and its dead in every churchyard."
emb_v17_trevelyan_edmund,embedding,verifier_false_negative,tagged,quotation,0.665,209,"In these fields of Mr. Tulkinghorn's inhabiting, where the shepherds play on Chancery pipes that have no stop, and keep their sheep in the fold by hook and by crook until they have shorn them exceeding close —"
emb_v05_craft_v2,embedding,verifier_false_negative,tagged,quotation,0.667,208,"In these fields of Mr. Tulkinghorn's inhabiting, where the shepherds play on Chancery pipes that have no stop, and keep their sheep in the fold by hook and by crook until they have shorn them exceeding close."
emb_v15_trevelyan_for_hartley,embedding,verifier_false_negative,tagged,quotation,0.667,147,"that young lady that was such a pretty dear caught his illness, lost her beautiful looks, and wouldn't hardly be known for the same young lady now."
emb_v16_trevelyan_for_blackstone,embedding,verifier_false_negative,tagged,quotation,0.667,208,"In these fields of Mr. Tulkinghorn's inhabiting, where the shepherds play on Chancery pipes that have no stop, and keep their sheep in the fold by hook and by crook until they have shorn them exceeding close."
emb_v26_blackstone_woodcourt_edmund,embedding,verifier_false_negative,tagged,quotation,0.667,371,"It is a street of perishing blind houses, with their eyes stoned out, without a pane of glass, without so much as a window-frame, with the bare blank shutters tumbling from their hinges and falling asunder, the iron rails peeling away in flakes of rust, the chimneys sinking in, the stone steps to ev"
emb_v27_blackstone_edmund_rosen,embedding,verifier_false_negative,tagged,quotation,0.667,147,"That young lady that was such a pretty dear caught his illness, lost her beautiful looks, and wouldn't hardly be known for the same young lady now."
emb_v23_hartley_woodcourt_rosen,embedding,verifier_false_negative,tagged,quotation,0.668,285,"To behold the Lord Chancellor and the whole array of practitioners under him looking at one another and at the spectators as if nobody had ever heard that all over England the name in which they were assembled was a bitter jest, was held in universal horror, contempt, and indignation."
emb_v25_hartley_rosen_trevelyan,embedding,verifier_false_negative,tagged,quotation,0.670,165,"And then Dickens extends it — the school ""spreads one uniform and dreary gloss over the good and bad, the feeling and the unfeeling, the sensible and the senseless."""
emb_v15_trevelyan_for_hartley,embedding,verifier_false_negative,tagged,quotation,0.679,66,There he sits... until he is stirred up and told to 'move on' too.
emb_v11_marxist,embedding,verifier_false_negative,tagged,quotation,0.682,179,"with its light, and warmth, and comfort; with its hospitable jingle, at a distance, of preparations for dinner; with the face of its generous master brightening everything we saw."
emb_v19_all_swapped,embedding,verifier_false_negative,tagged,quotation,0.682,37,And then — 'what have I done to her?'
emb_v01_baseline,embedding,verifier_false_negative,tagged,quotation,0.683,146,"the young lady that was such a pretty dear caught his illness, lost her beautiful looks, and wouldn't hardly be known for the same young lady now."
emb_v19_all_swapped,embedding,verifier_false_negative,inline,quotation,0.693,100,we only knowing in general that when there is too much of it we find it necessary to shovel it away.
emb_v23_hartley_woodcourt_rosen,embedding,verifier_false_negative,tagged,quotation,0.695,156,"""His hopefulness had long been more painful to me than his despondency; it was so unlike hopefulness, had something so fierce in its determination to be it,"
emb_v28_blackstone_edmund_trevelyan,embedding,verifier_false_negative,tagged,quotation,0.714,101,"""His hopefulness had long been more painful to me than his despondency; it was so unlike hopefulness,"
emb_v30_woodcourt_edmund_trevelyan,embedding,verifier_false_negative,tagged,quotation,0.726,75,Hook it! Nobody wants you here. You hook it. You go and tramp. You move on.
emb_v15_trevelyan_for_hartley,embedding,verifier_false_negative,tagged,quotation,0.730,117,And the cruelest detail: 'it is a justification to him in his own eyes to have an embodied antagonist and oppressor.'
emb_v02_more_jo,embedding,verifier_false_negative,tagged,quotation,0.732,156,"...to think — for perhaps Jo DOES think at odd times — what does it all mean, and if it means anything to anybody, how comes it that it means nothing to me?"
emb_v12_radical_panel,embedding,verifier_false_negative,tagged,quotation,0.742,107,"It can't last for ever. I am young and earnest, and energy and determination have done wonders many a time."
ext_v01_baseline,extreme,confabulation,tagged,quotation,0.000,106,"Miss Summerson — back. Straight back as a die. You know me. Don't be afraid. I'll follow the other, by G——"
ext_v01_baseline,extreme,detector_false_positive,inline,quotation,0.000,30,this is tragic and also funny.
ext_v10_conservative,extreme,confabulation,tagged,quotation,0.000,105,"Miss Summerson, back. Straight back as a die. You know me. Don't be afraid. I'll follow the other, by G——"
ext_v12_radical_panel,extreme,detector_false_positive,inline,repetition,0.000,20,That... that... that
ext_v14_trevelyan_for_woodcourt,extreme,confabulation,inline,quotation,0.000,62,The jurisprudential soul of Chancery in a velvet dressing gown
ext_v14_trevelyan_for_woodcourt,extreme,confabulation,tagged,quotation,0.000,105,"Miss Summerson, back. Straight back as a die. You know me. Don't be afraid. I'll follow the other, by G——"
ext_v16_trevelyan_for_blackstone,extreme,detector_false_positive,inline,quotation,0.000,28,"Implacable November weather,"
ext_v16_trevelyan_for_blackstone,extreme,confabulation,tagged,quotation,0.000,105,"Miss Summerson, back. Straight back as a die. You know me. Don't be afraid. I'll follow the other, by G——"
ext_v17_trevelyan_edmund,extreme,detector_false_positive,inline,quotation,0.000,30,a thick fog lay over the city.
ext_v17_trevelyan_edmund,extreme,confabulation,tagged,quotation,0.000,105,"Miss Summerson, back. Straight back as a die. You know me. Don't be afraid. I'll follow the other, by G——"
ext_v17_trevelyan_edmund,extreme,detector_false_positive,inline,uncertain,0.000,36,is the one that gets me every time —
ext_v18_trevelyan_rosen,extreme,confabulation,tagged,quotation,0.000,38,He says — I beg your pardon — he says.
ext_v22_hartley_blackstone_rosen,extreme,detector_false_positive,inline,quotation,0.000,30,leaden-headed old obstruction.
ext_v23_hartley_woodcourt_rosen,extreme,confabulation,tagged,quotation,0.000,105,"Miss Summerson, back. Straight back as a die. You know me. Don't be afraid. I'll follow the other, by G——"
ext_v24_hartley_edmund_rosen,extreme,detector_false_positive,inline,uncertain,0.000,35,drop into their places of obscurity
ext_v24_hartley_edmund_rosen,extreme,confabulation,tagged,quotation,0.000,105,"Miss Summerson, back. Straight back as a die. You know me. Don't be afraid. I'll follow the other, by G——"
ext_v24_hartley_edmund_rosen,extreme,detector_false_positive,inline,repetition,0.000,41,they wanted... they wanted... they wanted
ext_v24_hartley_edmund_rosen,extreme,detector_false_positive,inline,repetition,0.000,32,not only... not only... not only
ext_v25_hartley_rosen_trevelyan,extreme,detector_false_positive,inline,uncertain,0.000,33,accumulates at compound interest.
ext_v25_hartley_rosen_trevelyan,extreme,detector_false_positive,inline,repetition,0.000,32,not only... not only... not only
ext_v25_hartley_rosen_trevelyan,extreme,detector_false_positive,inline,topic,0.000,26,"Similar strange questions,"
ext_v17_trevelyan_edmund,extreme,confabulation,tagged,quotation,0.005,166,'Alexander James Piper aged eighteen months and four days old on accounts of not being expected to live such was the sufferings gentlemen of that child in his gums' —
ext_v19_all_swapped,extreme,confabulation,tagged,quotation,0.011,167,"""So young, so beautiful, so full of hope and promise, they went on lightly through the sunlight as their own happy thoughts might then be traversing the years to come."
ext_v21_hartley_blackstone_edmund,extreme,confabulation,tagged,quotation,0.016,220,"...how it could come to happiness only if it were real and lasting and inspired them with a steady resolution to do their duty to each other, with constancy, fortitude, and perseverance, each always for the other's sake."
ext_v15_trevelyan_for_hartley,extreme,confabulation,tagged,quotation,0.023,230,"She says their love could come to happiness only if it were real and lasting and inspired them with a steady resolution to do their duty to each other, with constancy, fortitude, and perseverance, each always for the other's sake."
ext_v11_marxist,extreme,confabulation,tagged,quotation,0.024,186,"Dickens writes that foot passengers are adding 'new deposits to the crust upon crust of mud, sticking at those points tenaciously to the pavement, and accumulating at compound interest.'"
ext_v23_hartley_woodcourt_rosen,extreme,confabulation,tagged,quotation,0.026,173,"I certainly did contemplate, afar off, the possibility of you and your pretty cousin here being in a mind to go through life together. But that was afar off, Rick, afar off!"
ext_v24_hartley_edmund_rosen,extreme,confabulation,tagged,quotation,0.026,173,"I certainly did contemplate, afar off, the possibility of you and your pretty cousin here being in a mind to go through life together. But that was afar off, Rick, afar off!"
ext_v19_all_swapped,extreme,confabulation,tagged,quotation,0.051,175,And then comes the philosophical sting: 'Whether his whole soul is devoted to the great or whether he yields them nothing beyond the services he sells is his personal secret.'
ext_v01_baseline,extreme,confabulation,tagged,quotation,0.060,162,"He always gave me a reassuring beck of his finger and lift of his eyelid as he got upon the box again, but he seemed perplexed now when he said, 'Get on, my lad!'"
ext_v10_conservative,extreme,confabulation,tagged,quotation,0.090,196,"Whether each evermore watches and suspects the other, evermore mistrustful of some great reservation; whether each is evermore prepared at all points for the other, and never to be taken unawares—"
ext_v12_radical_panel,extreme,confabulation,tagged,quotation,0.090,196,"Whether each evermore watches and suspects the other, evermore mistrustful of some great reservation; whether each is evermore prepared at all points for the other, and never to be taken unawares—"
ext_v17_trevelyan_edmund,extreme,confabulation,tagged,quotation,0.163,164,"Never can there come fog too thick, never can there come mud and mire too deep, to assort with the groping and floundering condition of this High Court of Chancery."
ext_v26_blackstone_woodcourt_edmund,extreme,confabulation,tagged,quotation,0.247,131,"And the prose enacts the suspense it describes: 'They meet again at dinner — again, next day — again, for many days in succession.'"
ext_v01_baseline,extreme,confabulation,tagged,quotation,0.264,128,"They develop, as he puts it, 'a loose belief that if the world go wrong it was in some off-hand manner never meant to go right.'"
ext_v14_trevelyan_for_woodcourt,extreme,confabulation,tagged,quotation,0.278,160,"A suit before the court commenced nearly twenty years ago, in which costs have been incurred to the amount of seventy thousand pounds, which is A FRIENDLY SUIT."
ext_v19_all_swapped,extreme,confabulation,tagged,quotation,0.329,146,"I should be pained, Mr. Guppy, to do you or any one who was sincere the injustice of slighting any honest feeling, however disagreeably expressed."
ext_v27_blackstone_edmund_rosen,extreme,confabulation,tagged,quotation,0.412,215,"Jarndyce says — and it's worth staying with this — ""If you entertain the supposition that any real success was ever wrested from Fortune by fits and starts, leave that wrong idea here or leave your cousin Ada here."""
ext_v22_hartley_blackstone_rosen,extreme,confabulation,tagged,quotation,0.445,118,"true and good above the dead sea of the Chancery suit and all the ashy fruit it cast ashore, I think I see my darling."
ext_v27_blackstone_edmund_rosen,extreme,confabulation,tagged,quotation,0.445,118,"True and good above the dead sea of the Chancery suit and all the ashy fruit it cast ashore, I think I see my darling."
ext_v21_hartley_blackstone_edmund,extreme,confabulation,tagged,quotation,0.466,170,"Jo, is it thou? Well, well! Though a rejected witness, who 'can't exactly say' what will be done to him in greater hands than men's, thou art not quite in outer darkness."
ext_v01_baseline,extreme,confabulation,inline,quotation,0.511,143,"if you entertain the supposition that any real success ever was or could be wrested from Fortune by fits and starts, leave that wrong idea here"
ext_v25_hartley_rosen_trevelyan,extreme,confabulation,tagged,quotation,0.526,76,"Mr. Pardiggle is happy to throw in his limited donation, under my direction."
ext_v26_blackstone_woodcourt_edmund,extreme,confabulation,tagged,quotation,0.528,94,"He says — and this parenthetical always catches me — don't be shy, Ada, don't be shy, my dear!"
ext_v19_all_swapped,extreme,confabulation,tagged,quotation,0.531,72,"He wished, he says, that the dead man 'could have heerd me tell him so.'"
ext_v21_hartley_blackstone_edmund,extreme,confabulation,tagged,quotation,0.541,99,"Lord bless you, my dear boy! He relies upon everybody! He'll be in the same scrape again next week!"
ext_v27_blackstone_edmund_rosen,extreme,confabulation,tagged,quotation,0.541,99,"Lord bless you, my dear boy! He relies upon everybody! He'll be in the same scrape again next week!"
ext_v10_conservative,extreme,confabulation,inline,quotation,0.556,80,chance people on the bridges peeping over the parapets into a nether sky of fog.
ext_v19_all_swapped,extreme,confabulation,tagged,quotation,0.561,84,'Neither have I. Not one!' and gave him the price of a supper and a night's lodging.
ext_v26_blackstone_woodcourt_edmund,extreme,confabulation,tagged,quotation,0.561,84,'Neither have I. Not one!' and gave him the price of a supper and a night's lodging.
ext_v01_baseline,extreme,confabulation,tagged,quotation,0.568,68,"And then he does it again — 'But that was afar off, Rick, afar off!'"
ext_v26_blackstone_woodcourt_edmund,extreme,confabulation,tagged,quotation,0.574,283,"She writes — and this is Esther at her most perceptive — that their love could come to happiness only if it were real and lasting and inspired them with a steady resolution to do their duty to each other, with constancy, fortitude, and perseverance, each always for the other's sake."
ext_v22_hartley_blackstone_rosen,extreme,confabulation,tagged,quotation,0.574,141,He writes of people who have come to hold 'a loose belief that if the world go wrong it was in some off-hand manner never meant to go right.'
ext_v17_trevelyan_edmund,extreme,confabulation,inline,quotation,0.575,65,London. Michaelmas term lately over. Implacable November weather.
ext_v17_trevelyan_edmund,extreme,detector_false_positive,inline,uncertain,0.583,43,gone into mourning for the death of the sun
ext_v19_all_swapped,extreme,detector_false_positive,inline,uncertain,0.583,43,"Death to many, but a joke in the profession"
ext_v26_blackstone_woodcourt_edmund,extreme,confabulation,tagged,quotation,0.597,55,"He wos wery good to me. He wos wery good to me, he wos!"
ext_v26_blackstone_woodcourt_edmund,extreme,confabulation,tagged,quotation,0.597,190,Or telling the apprentices about a brook 'as clear as crystal' that once ran down the middle of Holborn — and getting such a flavour of the country from this that he never wants to go there.
ext_v01_baseline,extreme,verifier_false_negative,tagged,quotation,0.610,137,"I certainly did contemplate, afar off, the possibility of you and your pretty cousin here... being in a mind to go through life together."
ext_v26_blackstone_woodcourt_edmund,extreme,verifier_false_negative,tagged,quotation,0.613,97,And then that wonderful parenthesis — 'He wears his usual expressionless mask — if it be a mask.'
ext_v18_trevelyan_rosen,extreme,verifier_false_negative,tagged,quotation,0.614,68,"Allan, take from me a willing gift, the best wife that ever man had."
ext_v21_hartley_blackstone_edmund,extreme,verifier_false_negative,tagged,quotation,0.614,68,"Allan, take from me a willing gift, the best wife that ever man had."
ext_v25_hartley_rosen_trevelyan,extreme,verifier_false_negative,inline,quotation,0.622,53,Fog everywhere. Fog up the river. Fog down the river.
ext_v17_trevelyan_edmund,extreme,verifier_false_negative,tagged,quotation,0.632,69,"""Allan, take from me a willing gift, the best wife that ever man had."
ext_v01_baseline,extreme,verifier_false_negative,tagged,quotation,0.645,94,"Jo, is it thou? Well, well! Though a rejected witness... thou art not quite in outer darkness."
ext_v11_marxist,extreme,verifier_false_negative,tagged,quotation,0.645,94,"Jo, is it thou? Well, well! Though a rejected witness... thou art not quite in outer darkness."
ext_v12_radical_panel,extreme,verifier_false_negative,tagged,quotation,0.645,94,"Jo, is it thou? Well, well! Though a rejected witness... thou art not quite in outer darkness."
ext_v23_hartley_woodcourt_rosen,extreme,verifier_false_negative,tagged,quotation,0.645,94,"Jo, is it thou? Well, well! Though a rejected witness... thou art not quite in outer darkness."
ext_v10_conservative,extreme,verifier_false_negative,tagged,quotation,0.650,107,They went on in their own wild way for a little while — I never stopped them; I enjoyed it too much myself.
ext_v14_trevelyan_for_woodcourt,extreme,verifier_false_negative,tagged,quotation,0.650,107,They went on in their own wild way for a little while — I never stopped them; I enjoyed it too much myself.
ext_v16_trevelyan_for_blackstone,extreme,verifier_false_negative,tagged,quotation,0.650,107,They went on in their own wild way for a little while — I never stopped them; I enjoyed it too much myself.
ext_v17_trevelyan_edmund,extreme,verifier_false_negative,tagged,quotation,0.650,107,They went on in their own wild way for a little while — I never stopped them; I enjoyed it too much myself.
ext_v22_hartley_blackstone_rosen,extreme,verifier_false_negative,tagged,quotation,0.650,107,They went on in their own wild way for a little while — I never stopped them; I enjoyed it too much myself.
ext_v24_hartley_edmund_rosen,extreme,verifier_false_negative,tagged,quotation,0.650,107,They went on in their own wild way for a little while — I never stopped them; I enjoyed it too much myself.
ext_v27_blackstone_edmund_rosen,extreme,verifier_false_negative,tagged,quotation,0.650,107,They went on in their own wild way for a little while — I never stopped them; I enjoyed it too much myself.
ext_v17_trevelyan_edmund,extreme,verifier_false_negative,tagged,quotation,0.652,142,"Though a rejected witness, who 'can't exactly say' what will be done to him in greater hands than men's, thou art not quite in outer darkness."
ext_v18_trevelyan_rosen,extreme,verifier_false_negative,tagged,quotation,0.654,140,"Though a rejected witness, who can't exactly say what will be done to him in greater hands than men's, thou art not quite in outer darkness."
ext_v01_baseline,extreme,verifier_false_negative,tagged,quotation,0.665,210,"In these fields of Mr. Tulkinghorn's inhabiting, where the shepherds play on Chancery pipes that have no stop, and keep their sheep in the fold by hook and by crook until they have shorn them exceeding close..."
ext_v26_blackstone_woodcourt_edmund,extreme,verifier_false_negative,tagged,quotation,0.665,210,"In these fields of Mr. Tulkinghorn's inhabiting, where the shepherds play on Chancery pipes that have no stop, and keep their sheep in the fold by hook and by crook until they have shorn them exceeding close..."
ext_v18_trevelyan_rosen,extreme,verifier_false_negative,tagged,quotation,0.667,208,"In these fields of Mr. Tulkinghorn's inhabiting, where the shepherds play on Chancery pipes that have no stop, and keep their sheep in the fold by hook and by crook until they have shorn them exceeding close."
ext_v19_all_swapped,extreme,verifier_false_negative,tagged,quotation,0.667,116,"Constancy in love is a good thing, but it means nothing, and is nothing, without constancy in every kind of effort."""
ext_v24_hartley_edmund_rosen,extreme,verifier_false_negative,tagged,quotation,0.667,208,"In these fields of Mr. Tulkinghorn's inhabiting, where the shepherds play on Chancery pipes that have no stop, and keep their sheep in the fold by hook and by crook until they have shorn them exceeding close."
ext_v11_marxist,extreme,verifier_false_negative,tagged,quotation,0.669,157,"That the man had often spoken to him since and asked him whether he slept sound at night, and how he bore cold and hunger, and whether he ever wished to die."
ext_v01_baseline,extreme,verifier_false_negative,tagged,quotation,0.669,117,These relations between us four which have so brightened my life and so invested it with new interests and pleasures.
ext_v12_radical_panel,extreme,verifier_false_negative,tagged,quotation,0.688,70,He relies upon everybody! He'll be in the same scrape again next week!
ext_v22_hartley_blackstone_rosen,extreme,verifier_false_negative,tagged,quotation,0.688,70,He relies upon everybody! He'll be in the same scrape again next week!
ext_v19_all_swapped,extreme,verifier_false_negative,tagged,quotation,0.693,135,"For many years, the flower of the bar, and the matured autumnal fruits of the woolsack — have been lavished upon Jarndyce and Jarndyce."
ext_v21_hartley_blackstone_edmund,extreme,verifier_false_negative,tagged,quotation,0.696,122,"""Come here, Rosa! Why, do you know how pretty you are, child?"" — she says, touching her shoulder with her two forefingers."
ext_v24_hartley_edmund_rosen,extreme,verifier_false_negative,tagged,quotation,0.696,60,"Come here, Rosa! Why, do you know how pretty you are, child?"
ext_v15_trevelyan_for_hartley,extreme,verifier_false_negative,tagged,quotation,0.702,161,"Dickens describes her as 'the same exhausted deity, surrounded by worshippers, and terribly liable to be bored to death, even while presiding at her own shrine.'"
ext_v10_conservative,extreme,verifier_false_negative,tagged,quotation,0.703,153,"That she was, if there were any ties of blood in such a case, the child's aunt. That more than this she would never for any human consideration disclose."
ext_v17_trevelyan_edmund,extreme,verifier_false_negative,tagged,quotation,0.721,121,"The narrator tells us she has 'a good deal to say, chiefly in parentheses and without punctuation, but not much to tell.'"
ext_v26_blackstone_woodcourt_edmund,extreme,verifier_false_negative,tagged,quotation,0.725,168,"Dickens describes her as 'always the same exhausted deity, surrounded by worshippers, and terribly liable to be bored to death, even while presiding at her own shrine.'"
ext_v11_marxist,extreme,verifier_false_negative,tagged,quotation,0.726,119,"Then he retreats from beauty — 'I am not a judge of that myself, and I never did give much attention to it from a boy.'"
ext_v12_radical_panel,extreme,verifier_false_negative,tagged,quotation,0.737,149,"The flower of the bar, and the — I would presume to add, the matured autumnal fruits of the woolsack — have been lavished upon Jarndyce and Jarndyce."
ext_v14_trevelyan_for_woodcourt,extreme,verifier_false_negative,tagged,quotation,0.737,177,"And then, the real jewel: ""the flower of the bar, and the — I would presume to add, the matured autumnal fruits of the woolsack — have been lavished upon Jarndyce and Jarndyce."""
ext_v21_hartley_blackstone_edmund,extreme,verifier_false_negative,tagged,quotation,0.737,149,"the flower of the bar, and the — I would presume to add, the matured autumnal fruits of the woolsack — have been lavished upon Jarndyce and Jarndyce."
ext_v24_hartley_edmund_rosen,extreme,verifier_false_negative,tagged,quotation,0.737,149,"the flower of the bar, and the — I would presume to add, the matured autumnal fruits of the woolsack — have been lavished upon Jarndyce and Jarndyce."
ext_v26_blackstone_woodcourt_edmund,extreme,verifier_false_negative,tagged,quotation,0.738,100,Dickens writes: 'He carries family secrets in every limb of his body and every crease of his dress.'
ext_v26_blackstone_woodcourt_edmund,extreme,verifier_false_negative,tagged,quotation,0.739,99,"She is considered so among the clerks in the Inn, and it is a point more in their way than in mine."
ext_v10_conservative,extreme,verifier_false_negative,tagged,quotation,0.747,130,"Allan, take from me a willing gift, the best wife that ever man had. What more can I say for you than that I know you deserve her!"
ext_v12_radical_panel,extreme,verifier_false_negative,tagged,quotation,0.747,130,"Allan, take from me a willing gift, the best wife that ever man had. What more can I say for you than that I know you deserve her!"
ext_v14_trevelyan_for_woodcourt,extreme,verifier_false_negative,tagged,quotation,0.747,130,"Allan, take from me a willing gift, the best wife that ever man had. What more can I say for you than that I know you deserve her!"
ext_v19_all_swapped,extreme,verifier_false_negative,tagged,quotation,0.747,130,"Allan, take from me a willing gift, the best wife that ever man had. What more can I say for you than that I know you deserve her!"
ext_v22_hartley_blackstone_rosen,extreme,verifier_false_negative,tagged,quotation,0.747,130,"Allan, take from me a willing gift, the best wife that ever man had. What more can I say for you than that I know you deserve her!"
ext_v25_hartley_rosen_trevelyan,extreme,verifier_false_negative,tagged,quotation,0.747,130,"Allan, take from me a willing gift, the best wife that ever man had. What more can I say for you than that I know you deserve her!"
ext_v26_blackstone_woodcourt_edmund,extreme,verifier_false_negative,tagged,quotation,0.747,130,"Allan, take from me a willing gift, the best wife that ever man had. What more can I say for you than that I know you deserve her!"
ext_v27_blackstone_edmund_rosen,extreme,verifier_false_negative,tagged,quotation,0.747,130,"Allan, take from me a willing gift, the best wife that ever man had. What more can I say for you than that I know you deserve her!"
arc_v10_conservative,high_arc,confabulation,inline,quotation,0.000,78,— is the most devastating word in the passage. Jo is not yet permitted to be a
arc_v10_conservative,high_arc,confabulation,tagged,quotation,0.000,105,"Miss Summerson, back. Straight back as a die. You know me. Don't be afraid. I'll follow the other, by G——"
arc_v10_conservative,high_arc,detector_false_positive,inline,quotation,0.000,31,not easy in her mind about him.
arc_v12_radical_panel,high_arc,confabulation,tagged,quotation,0.000,23,If this day ever broke.
arc_v12_radical_panel,high_arc,detector_false_positive,inline,uncertain,0.000,21,I hope I have learnt.
arc_v12_radical_panel,high_arc,detector_false_positive,inline,quotation,0.000,23,Systems are the weather
arc_v15_trevelyan_for_hartley,high_arc,detector_false_positive,inline,quotation,0.000,21,— he euphemises it as
arc_v17_trevelyan_edmund,high_arc,confabulation,tagged,quotation,0.000,105,"Miss Summerson, back. Straight back as a die. You know me. Don't be afraid. I'll follow the other, by G——"
arc_v17_trevelyan_edmund,high_arc,detector_false_positive,inline,quotation,0.000,31,Chancery has already chosen him
arc_v17_trevelyan_edmund,high_arc,confabulation,tagged,quotation,0.000,80,"He wears — and this I adore — ""his usual expressionless mask — if it be a mask."""
arc_v18_trevelyan_rosen,high_arc,confabulation,tagged,quotation,0.000,106,"Miss Summerson — back. Straight back as a die. You know me. Don't be afraid. I'll follow the other, by G——"
arc_v18_trevelyan_rosen,high_arc,detector_false_positive,inline,uncertain,0.000,24,Neither have I. Not one.
arc_v18_trevelyan_rosen,high_arc,detector_false_positive,inline,quotation,0.000,27,With my documents. Shortly.
arc_v18_trevelyan_rosen,high_arc,detector_false_positive,inline,quotation,0.000,27,"Right. Mad, young gentleman"
arc_v18_trevelyan_rosen,high_arc,detector_false_positive,inline,uncertain,0.000,24,That little pause before
arc_v19_all_swapped,high_arc,detector_false_positive,inline,quotation,0.000,27,their customary deportment.
arc_v19_all_swapped,high_arc,detector_false_positive,inline,quotation,0.000,29,the English aristocratic code
arc_v19_all_swapped,high_arc,confabulation,tagged,quotation,0.000,105,"Miss Summerson, back. Straight back as a die. You know me. Don't be afraid. I'll follow the other, by G——"
arc_v21_hartley_blackstone_edmund,high_arc,detector_false_positive,inline,quotation,0.000,30,a certain condescending laugh.
arc_v21_hartley_blackstone_edmund,high_arc,detector_false_positive,inline,quotation,0.000,33,the — a — I would presume to add.
arc_v21_hartley_blackstone_edmund,high_arc,confabulation,tagged,quotation,0.000,105,"Miss Summerson, back. Straight back as a die. You know me. Don't be afraid. I'll follow the other, by G——"
arc_v22_hartley_blackstone_rosen,high_arc,confabulation,tagged,quotation,0.000,105,"Miss Summerson, back. Straight back as a die. You know me. Don't be afraid. I'll follow the other, by G——"
arc_v23_hartley_woodcourt_rosen,high_arc,detector_false_positive,inline,quotation,0.000,39,He brings; I bring. He brings; I defend
arc_v24_hartley_edmund_rosen,high_arc,confabulation,tagged,quotation,0.000,105,"Miss Summerson, back. Straight back as a die. You know me. Don't be afraid. I'll follow the other, by G——"
arc_v24_hartley_edmund_rosen,high_arc,detector_false_positive,inline,quotation,0.000,25,— her mispronunciation of
arc_v24_hartley_edmund_rosen,high_arc,confabulation,tagged,quotation,0.000,22,the services he sells.
arc_v25_hartley_rosen_trevelyan,high_arc,detector_false_positive,inline,uncertain,0.000,23,"respectful compliments,"
arc_v25_hartley_rosen_trevelyan,high_arc,detector_false_positive,inline,quotation,0.000,23,— he could have written
arc_v27_blackstone_edmund_rosen,high_arc,confabulation,tagged,quotation,0.000,105,"Miss Summerson, back. Straight back as a die. You know me. Don't be afraid. I'll follow the other, by G——"
arc_v29_blackstone_rosen_trevelyan,high_arc,confabulation,tagged,quotation,0.000,105,"Miss Summerson, back. Straight back as a die. You know me. Don't be afraid. I'll follow the other, by G——"
arc_v30_woodcourt_edmund_trevelyan,high_arc,confabulation,tagged,quotation,0.000,105,"Miss Summerson, back. Straight back as a die. You know me. Don't be afraid. I'll follow the other, by G——"
arc_v30_woodcourt_edmund_trevelyan,high_arc,detector_false_positive,inline,quotation,0.000,25,did you ever wish to die?
arc_v30_woodcourt_edmund_trevelyan,high_arc,detector_false_positive,inline,quotation,0.000,30,Nothing monstrous or uncommon.
arc_v26_blackstone_woodcourt_edmund,high_arc,confabulation,tagged,quotation,0.035,176,The narrator tells us: 'With the round top of an inkstand and two broken bits of sealing-wax he is silently and slowly working out whatever train of indecision is in his mind.'
arc_v15_trevelyan_for_hartley,high_arc,confabulation,tagged,quotation,0.048,167,And then Dickens goes further — 'Whether his whole soul is devoted to the great or whether he yields them nothing beyond the services he sells is his personal secret.'
arc_v27_blackstone_edmund_rosen,high_arc,confabulation,tagged,quotation,0.053,201,"But whether each evermore watches and suspects the other, evermore mistrustful of some great reservation; whether each is evermore prepared at all points for the other, and never to be taken unawares —"
arc_v18_trevelyan_rosen,high_arc,confabulation,tagged,quotation,0.066,161,"Having questioned him and found that he had not a friend in the world, said, 'Neither have I. Not one!' and gave him the price of a supper and a night's lodging."
arc_v16_trevelyan_for_blackstone,high_arc,confabulation,tagged,quotation,0.078,216,"If I were a more constant sort of fellow, I should have held on either to Badger or to Kenge and Carboy like grim death, and should have begun to be steady and systematic by this time, and shouldn't be in debt, and —"
arc_v22_hartley_blackstone_rosen,high_arc,confabulation,tagged,quotation,0.078,216,"If I were a more constant sort of fellow, I should have held on either to Badger or to Kenge and Carboy like grim death, and should have begun to be steady and systematic by this time, and shouldn't be in debt, and —"
arc_v24_hartley_edmund_rosen,high_arc,confabulation,tagged,quotation,0.078,216,"If I were a more constant sort of fellow, I should have held on either to Badger or to Kenge and Carboy like grim death, and should have begun to be steady and systematic by this time, and shouldn't be in debt, and —"
arc_v30_woodcourt_edmund_trevelyan,high_arc,confabulation,tagged,quotation,0.090,196,"Whether each evermore watches and suspects the other, evermore mistrustful of some great reservation; whether each is evermore prepared at all points for the other, and never to be taken unawares—"
arc_v28_blackstone_edmund_trevelyan,high_arc,confabulation,tagged,quotation,0.140,221,"He says — yes! Here I have it! He says, 'I have something to tell her on her return in reference to the person who copied the affidavit in the Chancery suit, which so powerfully stimulated her curiosity. I have seen him.'"
arc_v30_woodcourt_edmund_trevelyan,high_arc,confabulation,tagged,quotation,0.191,288,"I wish to heaven I were a more constant sort of fellow... constant to myself. If I were a more constant sort of fellow, I should have held on either to Badger or to Kenge and Carboy like grim death, and should have begun to be steady and systematic by this time, and shouldn't be in debt."
arc_v18_trevelyan_rosen,high_arc,confabulation,tagged,quotation,0.199,210,"If I were a more constant sort of fellow, I should have held on either to Badger or to Kenge and Carboy like grim death, and should have begun to be steady and systematic by this time, and shouldn't be in debt."
arc_v23_hartley_woodcourt_rosen,high_arc,confabulation,tagged,quotation,0.199,210,"If I were a more constant sort of fellow, I should have held on either to Badger or to Kenge and Carboy like grim death, and should have begun to be steady and systematic by this time, and shouldn't be in debt."
arc_v15_trevelyan_for_hartley,high_arc,confabulation,tagged,quotation,0.201,274,"I wish to heaven I were a more constant sort of fellow... If I were a more constant sort of fellow, I should have held on either to Badger or to Kenge and Carboy like grim death, and should have begun to be steady and systematic by this time, and shouldn't be in debt, and —"
arc_v30_woodcourt_edmund_trevelyan,high_arc,confabulation,tagged,quotation,0.209,277,"they gradually fell to considering how young they were, and how it could come to happiness only if it were real and lasting and inspired them with a steady resolution to do their duty to each other, with constancy, fortitude, and perseverance, each always for the other's sake."
arc_v23_hartley_woodcourt_rosen,high_arc,confabulation,tagged,quotation,0.228,219,"Every one of them sunk him deeper in the infatuation...what a fatal link was riveting between his fresh youth and her faded age, between his free hopes and her caged birds, and her hungry garret, and her wandering mind."
arc_v29_blackstone_rosen_trevelyan,high_arc,confabulation,tagged,quotation,0.250,294,"I understand you, and I wish to heaven I were a more constant sort of fellow...If I were a more constant sort of fellow, I should have held on either to Badger or to Kenge and Carboy like grim death, and should have begun to be steady and systematic by this time, and shouldn't be in debt, and—"
arc_v24_hartley_edmund_rosen,high_arc,confabulation,tagged,quotation,0.265,195,"I seem to want something or other to stand by. Even you have no idea how fond I am of Ada... but I don't settle down to constancy in other things. It's such uphill work, and it takes such a time!"
arc_v27_blackstone_edmund_rosen,high_arc,confabulation,tagged,quotation,0.285,253,"I understand you, and I wish to heaven I were a more constant sort of fellow... If I were a more constant sort of fellow, I should have held on... like grim death, and should have begun to be steady and systematic by this time, and shouldn't be in debt."
arc_v12_radical_panel,high_arc,confabulation,tagged,quotation,0.329,146,"I should be pained, Mr. Guppy, to do you or any one who was sincere the injustice of slighting any honest feeling, however disagreeably expressed."
arc_v11_marxist,high_arc,confabulation,tagged,quotation,0.350,122,"Shall I ever forget the manner in which those handsome proud eyes seemed to spring out of their languor and to hold mine!"""
arc_v17_trevelyan_edmund,high_arc,confabulation,tagged,quotation,0.350,122,"Shall I ever forget the manner in which those handsome proud eyes seemed to spring out of their languor and to hold mine!"""
arc_v15_trevelyan_for_hartley,high_arc,confabulation,tagged,quotation,0.403,71,"But so from rough outsides, serene and gentle influences often proceed."
arc_v22_hartley_blackstone_rosen,high_arc,confabulation,tagged,quotation,0.415,221,"If I went into Kenge's office... I should have my eye on the — hum! — the forbidden ground — and should be able to study it, and master it, and to satisfy myself that it was not neglected and was being properly conducted."
arc_v12_radical_panel,high_arc,confabulation,tagged,quotation,0.449,101,"...this chain of flowers you have taken up is very easily broken, or it might become a chain of lead."
arc_v22_hartley_blackstone_rosen,high_arc,confabulation,tagged,quotation,0.453,116,"And then — this is the sentence that breaks your heart a little — 'It's such uphill work, and it takes such a time!'"
arc_v12_radical_panel,high_arc,confabulation,tagged,quotation,0.455,93,"I should have begun to be steady and systematic by this time, and shouldn't be in debt, and —"
arc_v26_blackstone_woodcourt_edmund,high_arc,confabulation,tagged,quotation,0.462,158,"I was a ward myself. I was not mad at that time. I had youth and hope. I believe, beauty. It matters very little now. Neither of the three served or saved me."
arc_v11_marxist,high_arc,confabulation,tagged,quotation,0.466,170,"Jo, is it thou? Well, well! Though a rejected witness, who 'can't exactly say' what will be done to him in greater hands than men's, thou art not quite in outer darkness."
arc_v16_trevelyan_for_blackstone,high_arc,confabulation,tagged,quotation,0.466,170,"Jo, is it thou? Well, well! Though a rejected witness, who 'can't exactly say' what will be done to him in greater hands than men's, thou art not quite in outer darkness."
arc_v17_trevelyan_edmund,high_arc,confabulation,tagged,quotation,0.466,170,"Jo, is it thou? Well, well! Though a rejected witness, who 'can't exactly say' what will be done to him in greater hands than men's, thou art not quite in outer darkness."
arc_v30_woodcourt_edmund_trevelyan,high_arc,confabulation,tagged,quotation,0.483,118,"""I was a ward myself. I was not mad at that time. I had youth and hope. I believe, beauty. It matters very little now."
arc_v28_blackstone_edmund_trevelyan,high_arc,confabulation,tagged,quotation,0.491,268,"When I contemplated these relations between us four which have so brightened my life... I certainly did contemplate, afar off, the possibility of you and your pretty cousin here — don't be shy, Ada, don't be shy, my dear! — being in a mind to go through life together."
arc_v14_trevelyan_for_woodcourt,high_arc,confabulation,tagged,quotation,0.516,177,Listen to what Jarndyce reports: 'That more than this she would never — and he was well persuaded of the steadfastness of her resolution — for any human consideration disclose.'
arc_v24_hartley_edmund_rosen,high_arc,confabulation,tagged,quotation,0.526,255,"He tells them: ""if you DO change — if you DO come to find that you are more commonplace cousins to each other as man and woman than you were as boy and girl — don't be ashamed still to confide in me, for there will be nothing monstrous or uncommon in it."""
arc_v17_trevelyan_edmund,high_arc,confabulation,tagged,quotation,0.555,165,"if it had seemed innocent and trusting when I first saw it in that memorable November fog, how much more did it seem now when I knew her innocent and trusting heart."
arc_v28_blackstone_edmund_trevelyan,high_arc,confabulation,inline,quotation,0.556,80,chance people on the bridges peeping over the parapets into a nether sky of fog.
arc_v21_hartley_blackstone_edmund,high_arc,confabulation,tagged,quotation,0.560,81,those handsome proud eyes seemed to spring out of their languor and to hold mine.
arc_v22_hartley_blackstone_rosen,high_arc,confabulation,tagged,quotation,0.560,81,those handsome proud eyes seemed to spring out of their languor and to hold mine.
arc_v23_hartley_woodcourt_rosen,high_arc,confabulation,tagged,quotation,0.560,81,Those handsome proud eyes seemed to spring out of their languor and to hold mine.
arc_v10_conservative,high_arc,detector_false_positive,inline,uncertain,0.583,43,gone into mourning for the death of the sun
arc_v26_blackstone_woodcourt_edmund,high_arc,confabulation,tagged,quotation,0.586,44,gone into mourning for the death of the sun.
arc_v15_trevelyan_for_hartley,high_arc,confabulation,tagged,quotation,0.593,117,"I was a ward myself. I was not mad at that time. I had youth and hope. I believe, beauty. It matters very little now."
arc_v28_blackstone_edmund_trevelyan,high_arc,confabulation,tagged,quotation,0.596,63,It holds the gate with its hands and looks in between the bars.
arc_v14_trevelyan_for_woodcourt,high_arc,confabulation,tagged,quotation,0.597,55,"He wos wery good to me. He wos wery good to me, he wos!"
arc_v12_radical_panel,high_arc,verifier_false_negative,tagged,quotation,0.600,133,"Dickens gives us the conclusion: ""That the country is shipwrecked, lost, and gone to pieces... because you can't provide for Noodle!"""
arc_v14_trevelyan_for_woodcourt,high_arc,verifier_false_negative,tagged,quotation,0.601,95,"That the country is shipwrecked, lost, and gone to pieces because you can't provide for Noodle!"
arc_v22_hartley_blackstone_rosen,high_arc,verifier_false_negative,tagged,quotation,0.601,95,"That the country is shipwrecked, lost, and gone to pieces because you can't provide for Noodle!"
arc_v26_blackstone_woodcourt_edmund,high_arc,verifier_false_negative,tagged,quotation,0.601,95,"That the country is shipwrecked, lost, and gone to pieces because you can't provide for Noodle!"
arc_v27_blackstone_edmund_rosen,high_arc,verifier_false_negative,tagged,quotation,0.607,173,"Every one of them sunk him deeper in the infatuation... what a fatal link was riveting between his fresh youth and her faded age, between his free hopes and her caged birds."
arc_v14_trevelyan_for_woodcourt,high_arc,verifier_false_negative,tagged,quotation,0.610,73,"What do you find it to be but a will, you see. That's the drollery of it."
arc_v17_trevelyan_edmund,high_arc,verifier_false_negative,tagged,quotation,0.610,73,"what do you find it to be but a will, you see. That's the drollery of it."
arc_v29_blackstone_rosen_trevelyan,high_arc,verifier_false_negative,tagged,quotation,0.610,73,"What do you find it to be but a will, you see. That's the drollery of it."
arc_v11_marxist,high_arc,verifier_false_negative,tagged,quotation,0.614,68,"Allan, take from me a willing gift, the best wife that ever man had."
arc_v17_trevelyan_edmund,high_arc,verifier_false_negative,tagged,quotation,0.614,68,"Allan, take from me a willing gift, the best wife that ever man had."
arc_v11_marxist,high_arc,verifier_false_negative,inline,quotation,0.615,35,"I hope to preserve your confidence,"
arc_v26_blackstone_woodcourt_edmund,high_arc,verifier_false_negative,tagged,quotation,0.618,134,"I certainly did contemplate, afar off, the possibility of you and your pretty cousin here being in a mind to go through life together."
arc_v18_trevelyan_rosen,high_arc,verifier_false_negative,tagged,quotation,0.620,95,"I seem to want something or other to stand by. It's such uphill work, and it takes such a time!"
arc_v01_baseline,high_arc,verifier_false_negative,tagged,quotation,0.630,64,"'Get on, my lad!' — but he seemed perplexed now when he said it."
arc_v01_baseline,high_arc,verifier_false_negative,tagged,quotation,0.640,89,"I was a ward myself. I was not mad at that time. I had youth and hope. I believe, beauty."
arc_v12_radical_panel,high_arc,verifier_false_negative,tagged,quotation,0.645,94,"Jo, is it thou? Well, well! Though a rejected witness... thou art not quite in outer darkness."
arc_v27_blackstone_edmund_rosen,high_arc,verifier_false_negative,tagged,quotation,0.645,94,"Jo, is it thou? Well, well! Though a rejected witness... thou art not quite in outer darkness."
arc_v30_woodcourt_edmund_trevelyan,high_arc,verifier_false_negative,inline,repetition,0.645,94,"Jo, is it thou? Well, well! Though a rejected witness... thou art not quite in outer darkness."
arc_v16_trevelyan_for_blackstone,high_arc,verifier_false_negative,tagged,quotation,0.650,393,"They went on in their own wild way for a little while — I never stopped them; I enjoyed it too much myself — and then we gradually fell to considering how young they were, and how it could come to happiness only if it were real and lasting and inspired them with a steady resolution to do their duty "
arc_v10_conservative,high_arc,verifier_false_negative,tagged,quotation,0.650,107,They went on in their own wild way for a little while — I never stopped them; I enjoyed it too much myself.
arc_v12_radical_panel,high_arc,verifier_false_negative,tagged,quotation,0.650,107,They went on in their own wild way for a little while — I never stopped them; I enjoyed it too much myself.
arc_v19_all_swapped,high_arc,verifier_false_negative,tagged,quotation,0.650,107,They went on in their own wild way for a little while — I never stopped them; I enjoyed it too much myself.
arc_v24_hartley_edmund_rosen,high_arc,verifier_false_negative,tagged,quotation,0.650,107,They went on in their own wild way for a little while — I never stopped them; I enjoyed it too much myself.
arc_v25_hartley_rosen_trevelyan,high_arc,verifier_false_negative,tagged,quotation,0.650,107,They went on in their own wild way for a little while — I never stopped them; I enjoyed it too much myself.
arc_v27_blackstone_edmund_rosen,high_arc,verifier_false_negative,tagged,quotation,0.650,107,They went on in their own wild way for a little while — I never stopped them; I enjoyed it too much myself.
arc_v28_blackstone_edmund_trevelyan,high_arc,verifier_false_negative,tagged,quotation,0.650,107,They went on in their own wild way for a little while — I never stopped them; I enjoyed it too much myself.
arc_v29_blackstone_rosen_trevelyan,high_arc,verifier_false_negative,tagged,quotation,0.650,107,They went on in their own wild way for a little while — I never stopped them; I enjoyed it too much myself.
arc_v17_trevelyan_edmund,high_arc,verifier_false_negative,tagged,quotation,0.653,192,"Jarndyce says to him: ""if you entertain the supposition that any real success... ever was or could be, ever will or can be, wrested from Fortune by fits and starts—leave that wrong idea here."""
arc_v30_woodcourt_edmund_trevelyan,high_arc,verifier_false_negative,inline,quotation,0.653,64,"from rough outsides, serene and gentle influences often proceed."
arc_v27_blackstone_edmund_rosen,high_arc,verifier_false_negative,tagged,quotation,0.655,147,"I seem to want something or other to stand by... I don't settle down to constancy in other things. It's such uphill work, and it takes such a time!"
arc_v25_hartley_rosen_trevelyan,high_arc,verifier_false_negative,tagged,quotation,0.663,145,"I seem to want something or other to stand by. I don't settle down to constancy in other things. It's such uphill work, and it takes such a time!"
arc_v15_trevelyan_for_hartley,high_arc,verifier_false_negative,tagged,quotation,0.664,102,"It holds the gate with its hands and looks in between the bars, stands looking in for a little while."""
arc_v21_hartley_blackstone_edmund,high_arc,verifier_false_negative,tagged,quotation,0.664,102,"I saw his finger uneasily going across and across his mouth during the whole of one long weary stage."""
arc_v23_hartley_woodcourt_rosen,high_arc,verifier_false_negative,tagged,quotation,0.664,110,"It told me that the writer had bred her in secrecy from her birth, had blotted out all trace of her existence."
arc_v29_blackstone_rosen_trevelyan,high_arc,verifier_false_negative,tagged,quotation,0.664,110,"It told me that the writer had bred her in secrecy from her birth, had blotted out all trace of her existence."
arc_v16_trevelyan_for_blackstone,high_arc,verifier_false_negative,tagged,quotation,0.665,150,"Fog everywhere. Fog up the river, where it flows among green aits and meadows; fog down the river, where it rolls defiled among the tiers of shipping."
arc_v24_hartley_edmund_rosen,high_arc,verifier_false_negative,tagged,quotation,0.665,150,"Fog everywhere. Fog up the river, where it flows among green aits and meadows; fog down the river, where it rolls defiled among the tiers of shipping."
arc_v17_trevelyan_edmund,high_arc,verifier_false_negative,tagged,quotation,0.667,138,When I contemplated these relations between us four which have so brightened my life and so invested it with new interests and pleasures —
arc_v27_blackstone_edmund_rosen,high_arc,verifier_false_negative,tagged,quotation,0.667,111,"It told me that the writer had bred her in secrecy from her birth, had blotted out all trace of her existence —"
arc_v27_blackstone_edmund_rosen,high_arc,verifier_false_negative,tagged,quotation,0.668,173,"Richard, more worn and haggard, haunted the court day after day, listlessly sat there the whole day long when he knew there was no remote chance of the suit being mentioned."
arc_v18_trevelyan_rosen,high_arc,verifier_false_negative,tagged,quotation,0.669,141,What was to ensue when we found her and what could compensate us for this loss of time were questions also that I could not possibly dismiss.
arc_v28_blackstone_edmund_trevelyan,high_arc,verifier_false_negative,tagged,quotation,0.669,216,"Esther tells us — and it's a passage of quiet devastation — that Richard ""haunted the court day after day, listlessly sat there the whole day long when he knew there was no remote chance of the suit being mentioned."""
arc_v28_blackstone_edmund_trevelyan,high_arc,verifier_false_negative,inline,uncertain,0.672,57,"leave that wrong idea here, or leave your cousin Ada here"
arc_v10_conservative,high_arc,verifier_false_negative,tagged,quotation,0.677,87,"He says of the child: 'I felt concerned for the little creature, in her darkened life.'"
arc_v21_hartley_blackstone_edmund,high_arc,verifier_false_negative,tagged,quotation,0.679,148,"So young, so beautiful, so full of hope and promise, they went on lightly through the sunlight... So they passed away into the shadow and were gone."
arc_v28_blackstone_edmund_trevelyan,high_arc,verifier_false_negative,tagged,quotation,0.686,109,"What follows? That the country is shipwrecked, lost, and gone to pieces because you can't provide for Noodle!"
arc_v12_radical_panel,high_arc,verifier_false_negative,inline,uncertain,0.692,58,"Leave that wrong idea here, or leave your cousin Ada here."
arc_v24_hartley_edmund_rosen,high_arc,verifier_false_negative,tagged,quotation,0.694,329,"He says: ""When I contemplated these relations between us four which have so brightened my life and so invested it with new interests and pleasures, I certainly did contemplate, afar off, the possibility of you and your pretty cousin here — don't be shy, Ada, don't be shy, my dear! — being in a mind "
arc_v11_marxist,high_arc,verifier_false_negative,tagged,quotation,0.703,124,"evoked out of the past by some power in this fashionable lady, whom I perfectly well knew I had never seen until that hour."""
arc_v15_trevelyan_for_hartley,high_arc,verifier_false_negative,tagged,quotation,0.709,98,"""With the night comes a slouching figure through the tunnel-court to the outside of the iron gate."
arc_v27_blackstone_edmund_rosen,high_arc,verifier_false_negative,tagged,quotation,0.735,134,"And then — magnificently — ""the flower of the bar, and the — a — I would presume to add, the matured autumnal fruits of the woolsack."""
arc_v29_blackstone_rosen_trevelyan,high_arc,verifier_false_negative,tagged,quotation,0.746,132,"If I went into Kenge's office...I should have my eye on the—hum!—the forbidden ground—and should be able to study it, and master it."
arc_v19_all_swapped,high_arc,verifier_false_negative,tagged,quotation,0.747,130,"Allan, take from me a willing gift, the best wife that ever man had. What more can I say for you than that I know you deserve her!"
nop_v01_baseline,no_passages,confabulation,tagged,quotation,0.000,90,He has flushed and feverish look of one who has been long haunted by an uneasy conscience.
nop_v01_baseline,no_passages,confabulation,tagged,quotation,0.000,88,"He had his papers always with him, and had the greatest interest in all the proceedings."
nop_v01_baseline,no_passages,confabulation,tagged,quotation,0.000,20,Call the next cause.
nop_v01_baseline,no_passages,confabulation,tagged,quotation,0.000,57,"He was young, and handsome, and had been full of promise."
nop_v01_baseline,no_passages,detector_false_positive,inline,uncertain,0.000,22,Doctrine over drainage
nop_v01_baseline,no_passages,confabulation,tagged,quotation,0.000,63,as empty as the shell of a great spider who has been long dead.
nop_v01_baseline,no_passages,confabulation,tagged,quotation,0.000,49,It is a system — not my doing — I didn't make it.
nop_v10_conservative,no_passages,confabulation,tagged,quotation,0.000,101,Blighted in the spring of his hopes and his prospects — blighted in his youth — blighted in his love.
nop_v10_conservative,no_passages,confabulation,tagged,quotation,0.000,70,He has allowed it to become essential to him — he calls it his future.
nop_v10_conservative,no_passages,confabulation,tagged,quotation,0.000,42,But it is my cause — and I must pursue it.
nop_v10_conservative,no_passages,confabulation,tagged,quotation,0.000,124,"Esther writes: ""I was rendered motionless — not by her touch, but by something in her manner, and the way she looked at me."""
nop_v10_conservative,no_passages,confabulation,tagged,quotation,0.000,93,"She says to him — and the pride is magnificent even in its desperation — ""I have no defence."""
nop_v10_conservative,no_passages,confabulation,tagged,quotation,0.000,40,"Jo! Did I lose thee? Jo, art thou there?"
nop_v10_conservative,no_passages,confabulation,tagged,quotation,0.000,99,"As if his troubles, like great trees, had struck their roots into him and he could not be released."
nop_v10_conservative,no_passages,confabulation,tagged,quotation,0.000,114,"'foggy glory' — presiding over a fog of his own making, which he cannot see through any more than his suitors can."
nop_v10_conservative,no_passages,confabulation,tagged,quotation,0.000,34,the suit had taken him in its net.
nop_v11_marxist,no_passages,confabulation,tagged,quotation,0.000,47,"Move on, Jo. It's always the same, Jo, move on."
nop_v11_marxist,no_passages,confabulation,tagged,quotation,0.000,35,"I don't know nothink, sir, I don't."
nop_v11_marxist,no_passages,confabulation,tagged,quotation,0.000,155,"The uncertain, the capricious, the ever-varying fortunes of a cause, had bewildered Richard, and made him incapable of steady pursuit of any fixed purpose."
nop_v11_marxist,no_passages,confabulation,tagged,quotation,0.000,74,He was not the bright Richard of old — he had grown to have a wasted look.
nop_v11_marxist,no_passages,confabulation,tagged,quotation,0.000,23,I will begin the world.
nop_v11_marxist,no_passages,confabulation,tagged,quotation,0.000,119,"Bored to death with this life, bored to death with next life, bored to death with this world, bored to death with that."
nop_v11_marxist,no_passages,confabulation,tagged,quotation,0.000,42,Is this in law-hand? I am curious to know.
nop_v11_marxist,no_passages,confabulation,tagged,quotation,0.000,70,"always moved, talked, ate, and drank in the same slow, methodical way."
nop_v11_marxist,no_passages,confabulation,tagged,quotation,0.000,24,The wind is in the east.
nop_v11_marxist,no_passages,confabulation,tagged,quotation,0.000,22,a smear upon the wall.
nop_v11_marxist,no_passages,confabulation,tagged,quotation,0.000,56,'the one great need and justification' of his existence.
nop_v11_marxist,no_passages,confabulation,tagged,quotation,0.000,107,"""cold and dead"" — the lady who had been cold in life, is cold now in death, and the two coldnesses are one."
nop_v11_marxist,no_passages,confabulation,tagged,quotation,0.000,32,He died in our hope and his own.
nop_v11_marxist,no_passages,confabulation,tagged,quotation,0.000,38,The finest thing I have known in life.
nop_v12_radical_panel,no_passages,confabulation,tagged,quotation,0.000,112,"He was not the Richard of former times, but he was strong in his reliance on the suit, and he grew thin upon it."
nop_v12_radical_panel,no_passages,confabulation,tagged,quotation,0.000,143,"He writes that the suit had, in the most literal sense, made him its creature — that it had drawn him in, and he had no will left but its will."
nop_v12_radical_panel,no_passages,confabulation,tagged,quotation,0.000,150,She observes that she saw in him the same buoyancy and hopefulness that always won hearts — and the same fatal readiness to be distracted from it all.
nop_v12_radical_panel,no_passages,confabulation,tagged,quotation,0.000,129,"She notes that he had a clouded, anxious expression that never quite left him — even when he smiled and was at his most engaging."
nop_v12_radical_panel,no_passages,confabulation,tagged,quotation,0.000,147,"Richard says to Ada — and this is almost unbearable — he says: I am very sorry, my Ada; I am very sorry, my darling — I am beginning to understand."
nop_v12_radical_panel,no_passages,confabulation,tagged,quotation,0.000,102,"I have done wrong. I was wrong long before. In all that time I have never, never, never forgotten you."
nop_v12_radical_panel,no_passages,confabulation,tagged,quotation,0.000,77,"Shake me up, Judy! I want shaking up! Give him the sofa pillow! Shake him up!"
nop_v12_radical_panel,no_passages,confabulation,tagged,quotation,0.000,115,"The village street was full of snow; the trees were heavy with it; it lay upon the wall, and capped the gate-posts."
nop_v12_radical_panel,no_passages,confabulation,tagged,quotation,0.000,124,"He writes that 'it was the character of the suit itself to beget, in every suitor and participant, the germ of destruction.'"
nop_v12_radical_panel,no_passages,confabulation,tagged,quotation,0.000,23,I will begin the world.
nop_v12_radical_panel,no_passages,confabulation,tagged,quotation,0.000,62,"What do I know, what do I know now, of myself? What can I see?"
nop_v14_trevelyan_for_woodcourt,no_passages,detector_false_positive,inline,quotation,0.000,21,the London particular
nop_v14_trevelyan_for_woodcourt,no_passages,confabulation,tagged,quotation,0.000,82,"And she looked with fearful eyes, and whispered his name, in the dark, cold night."
nop_v14_trevelyan_for_woodcourt,no_passages,confabulation,tagged,quotation,0.000,75,"I have been, mademoiselle, since yesterday evening. On foot. I have walked."
nop_v14_trevelyan_for_woodcourt,no_passages,confabulation,tagged,quotation,0.000,120,He writes that Richard's expectations — quote — 'floated him into a belief that anything was possible through the suit.'
nop_v14_trevelyan_for_woodcourt,no_passages,confabulation,tagged,quotation,0.000,52,"More careworn, and yet more confident in the future."
nop_v14_trevelyan_for_woodcourt,no_passages,confabulation,tagged,quotation,0.000,37,"I am too young, to know how to begin."
nop_v14_trevelyan_for_woodcourt,no_passages,confabulation,tagged,quotation,0.000,37,"Move on! I'm always a-moving on, sar."
nop_v14_trevelyan_for_woodcourt,no_passages,confabulation,tagged,quotation,0.000,99,Richard says — and I am paraphrasing closely — 'I was the enemy of my own happiness. I see it now.'
nop_v15_trevelyan_for_hartley,no_passages,confabulation,tagged,quotation,0.000,89,"He was not shabby, but he was...pale, and worn, and I grieved to see how young he looked."
nop_v15_trevelyan_for_hartley,no_passages,confabulation,tagged,quotation,0.000,100,Dickens gives us something like: 'He had great freshness and enthusiasm — but no sustained purpose.'
nop_v15_trevelyan_for_hartley,no_passages,confabulation,tagged,quotation,0.000,65,"'I will begin the world,' he says — and he's dying as he says it."
nop_v15_trevelyan_for_hartley,no_passages,confabulation,tagged,quotation,0.000,31,"Shake me up, Judy. Shake me up!"
nop_v15_trevelyan_for_hartley,no_passages,confabulation,tagged,quotation,0.000,97,"Both are alike in being ruinous, both in having mountains of costly nonsense accumulated in them."
nop_v15_trevelyan_for_hartley,no_passages,confabulation,tagged,quotation,0.000,23,I will begin the world.
nop_v16_trevelyan_for_blackstone,no_passages,confabulation,tagged,quotation,0.000,38,Not the same Richard that I had known.
nop_v16_trevelyan_for_blackstone,no_passages,confabulation,tagged,quotation,0.000,70,She is the most persecuted of human beings. She is the most ill-fated.
nop_v16_trevelyan_for_blackstone,no_passages,detector_false_positive,inline,quotation,0.000,28,He has never once been young
nop_v16_trevelyan_for_blackstone,no_passages,confabulation,tagged,quotation,0.000,103,"My friends, what is Terewth? Terewth is not here, and Terewth is not there, and Terewth is not anywhen."
nop_v16_trevelyan_for_blackstone,no_passages,confabulation,tagged,quotation,0.000,96,My darling was unwilling to leave the house; and for many reasons it was better she should stay.
nop_v17_trevelyan_edmund,no_passages,confabulation,tagged,quotation,0.000,23,I will begin the world.
nop_v17_trevelyan_edmund,no_passages,confabulation,tagged,quotation,0.000,59,"She was so beautiful, so good — and he so worn and haggard."
nop_v17_trevelyan_edmund,no_passages,confabulation,tagged,quotation,0.000,96,"""Is there anything particular about the handwriting?"" she carelessly asks — and then she faints."
nop_v17_trevelyan_edmund,no_passages,confabulation,tagged,quotation,0.000,22,He don't know nothink.
nop_v17_trevelyan_edmund,no_passages,confabulation,tagged,quotation,0.000,43,"Move on, Jo. It's always the same. Move on."
nop_v17_trevelyan_edmund,no_passages,confabulation,tagged,quotation,0.000,89,I mustn't think of myself. I can't bear that... I'm the miserable creature who it may be—
nop_v17_trevelyan_edmund,no_passages,confabulation,tagged,quotation,0.000,99,"Suffer no fancy, no hope, no anticipation of any possible gain to mislead you into the fatal snare."
nop_v17_trevelyan_edmund,no_passages,confabulation,tagged,quotation,0.000,98,He said there was a beggar outside. He was not there. He said the sun was very bright. It was not.
nop_v18_trevelyan_rosen,no_passages,confabulation,tagged,quotation,0.000,84,The uncertain and indeterminate nature of all his ways had been growing on him fast.
nop_v18_trevelyan_rosen,no_passages,confabulation,tagged,quotation,0.000,23,I will begin the world.
nop_v18_trevelyan_rosen,no_passages,confabulation,tagged,quotation,0.000,69,"Esther says simply: ""Ada's child was born, and the baby was Richard."""
nop_v18_trevelyan_rosen,no_passages,confabulation,tagged,quotation,0.000,84,"And Dickens gives us: ""She was moved, I could see, though she strove to be unmoved."""
nop_v18_trevelyan_rosen,no_passages,confabulation,tagged,quotation,0.000,58,deadened by long sorrow and by long use of self-restraint.
nop_v18_trevelyan_rosen,no_passages,confabulation,tagged,quotation,0.000,63,"She writes: ""I have no home left. I will encumber you no more."""
nop_v18_trevelyan_rosen,no_passages,confabulation,tagged,quotation,0.000,31,I am moving on. I am moving on.
nop_v18_trevelyan_rosen,no_passages,confabulation,tagged,quotation,0.000,32,"Shake me up, you doosed old man!"
nop_v18_trevelyan_rosen,no_passages,confabulation,tagged,quotation,0.000,66,Is it possible that my Lady — who has been so still — has fainted?
nop_v18_trevelyan_rosen,no_passages,confabulation,tagged,quotation,0.000,109,I had a curious sensation of having seen it somewhere before — as though some forgotten dream had come to me.
nop_v18_trevelyan_rosen,no_passages,confabulation,tagged,quotation,0.000,101,"Our Father — hallowed be — thy — "" and Allan Woodcourt says, ""Name. Our Father, hallowed be thy Name."
nop_v18_trevelyan_rosen,no_passages,confabulation,tagged,quotation,0.000,99,"She is my wife, loved and honoured. I desire that my love and honour for her shall be always known."
nop_v18_trevelyan_rosen,no_passages,confabulation,tagged,quotation,0.000,56,I am very weak and miserable — but I'll begin the world!
nop_v19_all_swapped,no_passages,confabulation,inline,quotation,0.000,66,not taught to think or act without the view of the present object.
nop_v19_all_swapped,no_passages,detector_false_positive,inline,quotation,0.000,23,constituted for failure
nop_v19_all_swapped,no_passages,confabulation,tagged,quotation,0.000,137,"...those other wretched creatures who exist upon his Majesty's subjects, and who creep... to the sound of a single footstep on the stair."
nop_v19_all_swapped,no_passages,confabulation,tagged,quotation,0.000,76,"She is my wife, and I am attached to her. Let no one speak of her otherwise."
nop_v19_all_swapped,no_passages,confabulation,tagged,quotation,0.000,30,She sees him. And he sees her.
nop_v19_all_swapped,no_passages,confabulation,tagged,quotation,0.000,62,I looked at her; and I knew her. And she knew that I knew her.
nop_v21_hartley_blackstone_edmund,no_passages,confabulation,tagged,quotation,0.000,57,I have no home left. I passed last night in the open air.
nop_v21_hartley_blackstone_edmund,no_passages,confabulation,tagged,quotation,0.000,102,"""Our Father. Say it after me."" And Jo, dying, tries to repeat it — gets partway through — and is gone."
nop_v21_hartley_blackstone_edmund,no_passages,confabulation,tagged,quotation,0.000,25,"Dead, Jo. Dead, Jo. Dead!"
nop_v21_hartley_blackstone_edmund,no_passages,confabulation,tagged,quotation,0.000,79,"He had not that quality which we may call, for want of a better name, solidity."
nop_v21_hartley_blackstone_edmund,no_passages,confabulation,tagged,quotation,0.000,23,I will begin the world.
nop_v21_hartley_blackstone_edmund,no_passages,confabulation,tagged,quotation,0.000,65,"He is rarely out of his shop. It is his house, his home, his all."
nop_v21_hartley_blackstone_edmund,no_passages,confabulation,tagged,quotation,0.000,52,I had a curious sensation of having seen her before.
nop_v21_hartley_blackstone_edmund,no_passages,confabulation,tagged,quotation,0.000,65,"She is my wife, loved and honoured. I require no other knowledge."
nop_v22_hartley_blackstone_rosen,no_passages,confabulation,tagged,quotation,0.000,23,I will begin the world.
nop_v22_hartley_blackstone_rosen,no_passages,confabulation,tagged,quotation,0.000,119,"""I have been a-moving on all my life,"" Jo says — and in those eight words Dickens has written an entire social history."
nop_v22_hartley_blackstone_rosen,no_passages,confabulation,tagged,quotation,0.000,129,He writes of her having 'that noble and distinguished prestige which seems to have so little need of being careful about itself.'
nop_v22_hartley_blackstone_rosen,no_passages,confabulation,tagged,quotation,0.000,74,"Keeps secrets as property, and is as much at ease with them as with money."
nop_v22_hartley_blackstone_rosen,no_passages,confabulation,tagged,quotation,0.000,39,Forgiven — upon — my — soul — forgiven.
nop_v22_hartley_blackstone_rosen,no_passages,confabulation,tagged,quotation,0.000,57,The face I had seen looking up at me from the icy stones.
nop_v22_hartley_blackstone_rosen,no_passages,confabulation,tagged,quotation,0.000,94,"The lawyers, he tells us, are 'not at all disturbed' — they will simply find another Jarndyce."
nop_v23_hartley_woodcourt_rosen,no_passages,confabulation,tagged,quotation,0.000,49,"I\'m moving on, sir. I can\'t move on no further."
nop_v23_hartley_woodcourt_rosen,no_passages,confabulation,tagged,quotation,0.000,181,"The weather is wet, the soaking wet; and all the trees in the park have their branches heavy with wet; and all the coppices, all the underpasses have their wet leaves on the ground."
nop_v23_hartley_woodcourt_rosen,no_passages,confabulation,tagged,quotation,0.000,108,"I know a story,"" he says, essentially, ""about a woman not unlike yourself — and it did not end well for her."
nop_v23_hartley_woodcourt_rosen,no_passages,confabulation,tagged,quotation,0.000,78,"I am here to show these people their duty, and to make sure they are doing it."
nop_v23_hartley_woodcourt_rosen,no_passages,confabulation,tagged,quotation,0.000,151,"I don't understand money. It's a thing I've always found utterly bewildering. But I notice that when I want something, other people somehow provide it."
nop_v23_hartley_woodcourt_rosen,no_passages,confabulation,tagged,quotation,0.000,60,Our Father — wot is in — art in Heaven — Hallowed be — thy —
nop_v24_hartley_edmund_rosen,no_passages,confabulation,tagged,quotation,0.000,164,"He says of Richard that he has ""an unsettled way with him"" — that he is ""always looking to the suit"" for the fortune that will excuse him from the labour of living."
nop_v24_hartley_edmund_rosen,no_passages,detector_false_positive,inline,quotation,0.000,34,with the same sanguine confidence.
nop_v24_hartley_edmund_rosen,no_passages,confabulation,tagged,quotation,0.000,76,"""The same sanguine confidence"" — three words that contain an entire tragedy."
nop_v24_hartley_edmund_rosen,no_passages,confabulation,tagged,quotation,0.000,43,"She writes, 'I have no purpose but to die.'"
nop_v24_hartley_edmund_rosen,no_passages,confabulation,tagged,quotation,0.000,31,I have much to be thankful for.
nop_v24_hartley_edmund_rosen,no_passages,confabulation,tagged,quotation,0.000,102,"Jarndyce writes to Esther: 'Your future is provided for, and Rick's future is darkened no more by me.'"
nop_v25_hartley_rosen_trevelyan,no_passages,confabulation,tagged,quotation,0.000,88,"Suspicion and distrust had taken possession of him, and even armed him against Jarndyce."
nop_v25_hartley_rosen_trevelyan,no_passages,confabulation,tagged,quotation,0.000,55,I have been dreaming. Begin the world. I will begin it!
nop_v25_hartley_rosen_trevelyan,no_passages,confabulation,tagged,quotation,0.000,30,"She sees it, and she knows it."
nop_v25_hartley_rosen_trevelyan,no_passages,confabulation,tagged,quotation,0.000,112,The cart-ruts of an old rat-haunted burying-ground — hemmed in by the walls of houses — pestiferous and obscene.
nop_v25_hartley_rosen_trevelyan,no_passages,detector_false_positive,inline,quotation,0.000,32,as little obtrusive as possible.
nop_v25_hartley_rosen_trevelyan,no_passages,confabulation,tagged,quotation,0.000,51,"""My guardian"" — over and over throughout the novel."
nop_v25_hartley_rosen_trevelyan,no_passages,confabulation,tagged,quotation,0.000,23,I will begin the world.
nop_v26_blackstone_woodcourt_edmund,no_passages,confabulation,tagged,quotation,0.000,97,He looked like a haunted man who was always sad; always striving for something he could not find.
nop_v26_blackstone_woodcourt_edmund,no_passages,confabulation,tagged,quotation,0.000,104,never smiles; who is always quietly absorbing into himself the weaknesses and misfortunes of his client.
nop_v26_blackstone_woodcourt_edmund,no_passages,confabulation,tagged,quotation,0.000,103,"She turned her face from me. I heard her say, in a low, trembling voice, that she durst not look at me."
nop_v26_blackstone_woodcourt_edmund,no_passages,detector_false_positive,inline,quotation,0.000,21,not having any duties
nop_v26_blackstone_woodcourt_edmund,no_passages,confabulation,tagged,quotation,0.000,95,"It has been in his nature,' Jarndyce says, 'to pursue it... It is the fatal legacy of the case."
nop_v26_blackstone_woodcourt_edmund,no_passages,confabulation,tagged,quotation,0.000,97,"I have thought better of many things, Esther. I begin to see that things have gone wrong with me."
nop_v26_blackstone_woodcourt_edmund,no_passages,confabulation,tagged,quotation,0.000,50,"I am not the heroine of this story, if it has one."
nop_v27_blackstone_edmund_rosen,no_passages,confabulation,tagged,quotation,0.000,91,You have made a fatal mistake. Everything in this suit will only be made worse by going on.
nop_v27_blackstone_edmund_rosen,no_passages,confabulation,tagged,quotation,0.000,77,"He writes, with barely suppressed fury: ""'Move on!' Jo is told. Jo moves on."""
nop_v27_blackstone_edmund_rosen,no_passages,confabulation,tagged,quotation,0.000,127,"The phrase he uses is magnificent in its compression: her beauty is proud, and with its haughtiness, there is something frozen."
nop_v27_blackstone_edmund_rosen,no_passages,confabulation,tagged,quotation,0.000,56,Dickens writes: the gate was barred; she lay against it.
nop_v27_blackstone_edmund_rosen,no_passages,confabulation,tagged,quotation,0.000,70,I tell you it is the system. I accuse it. I tell you it has done this.
nop_v27_blackstone_edmund_rosen,no_passages,detector_false_positive,inline,quotation,0.000,34,Hell is paved with good intentions
nop_v27_blackstone_edmund_rosen,no_passages,confabulation,tagged,quotation,0.000,120,I have a houseful of the happiest children in the world... and I have an old Dame Durden smile to spare for all of them.
nop_v28_blackstone_edmund_trevelyan,no_passages,confabulation,tagged,quotation,0.000,154,It was not that Richard was in any one purpose or hope dishonest — it was that the uncertainty and the misery of the suit had shaken his trust in himself.
nop_v28_blackstone_edmund_trevelyan,no_passages,confabulation,tagged,quotation,0.000,23,I will begin the world.
nop_v28_blackstone_edmund_trevelyan,no_passages,confabulation,tagged,quotation,0.000,96,"I carried the light burden to the window; and, looking at the little face, saw it was very calm."
nop_v28_blackstone_edmund_trevelyan,no_passages,confabulation,tagged,quotation,0.000,26,"I was, to myself, nothing."
nop_v29_blackstone_rosen_trevelyan,no_passages,confabulation,tagged,quotation,0.000,167,"The detail he gives is forensic — the 'mountains of costly nonsense,' the 'ruin of suitors,' the 'interminable suits' that 'exhaust finances, patience, courage, hope.'"
nop_v29_blackstone_rosen_trevelyan,no_passages,confabulation,tagged,quotation,0.000,75,"Move on, Jo. It's always the same with you. You are never to stop anywhere."
nop_v29_blackstone_rosen_trevelyan,no_passages,detector_false_positive,inline,quotation,0.000,31,"in a manner, taken into custody"
nop_v29_blackstone_rosen_trevelyan,no_passages,confabulation,tagged,quotation,0.000,72,"In a manner, taken into custody by the spectre of Jo, and haunted by it."
nop_v29_blackstone_rosen_trevelyan,no_passages,confabulation,tagged,quotation,0.000,26,Not a doubt but a disease.
nop_v29_blackstone_rosen_trevelyan,no_passages,confabulation,tagged,quotation,0.000,82,"He writes that the suit has 'stretched out its long, lean arm' to draw Richard in."
nop_v29_blackstone_rosen_trevelyan,no_passages,confabulation,tagged,quotation,0.000,87,He writes that Ada had 'the sorrowing face of one who sees what she must not speak of.'
nop_v29_blackstone_rosen_trevelyan,no_passages,confabulation,tagged,quotation,0.000,40,"Shake me up, Judy. Shake me up, you cat!"
nop_v29_blackstone_rosen_trevelyan,no_passages,confabulation,tagged,quotation,0.000,112,"It is not denied by the young and old, the rich and poor, the wise and simple, all alike — it has been among us."
nop_v30_woodcourt_edmund_trevelyan,no_passages,confabulation,tagged,quotation,0.000,39,Foggy glory around his lordship's head.
nop_v30_woodcourt_edmund_trevelyan,no_passages,confabulation,tagged,quotation,0.000,23,I will begin the world.
nop_v30_woodcourt_edmund_trevelyan,no_passages,confabulation,tagged,quotation,0.000,37,"Shake me up, you brimstone chatterer!"
nop_v30_woodcourt_edmund_trevelyan,no_passages,confabulation,tagged,quotation,0.000,112,I was feeling so fresh and pleasant after the journey that I was rather disappointed in her personal appearance.
nop_v30_woodcourt_edmund_trevelyan,no_passages,confabulation,tagged,quotation,0.000,121,"He was not young, and his figure was not good, but he was got up with such consummate art that it looked uncommonly well."
nop_v30_woodcourt_edmund_trevelyan,no_passages,confabulation,tagged,quotation,0.000,51,"Move on, Jo, move on. There's nothing here for you."
nop_v30_woodcourt_edmund_trevelyan,no_passages,confabulation,tagged,quotation,0.000,106,Suffer no fancy to mislead you. It is a place of ruin. There is ruin in it for every soul that touches it.
nop_v30_woodcourt_edmund_trevelyan,no_passages,confabulation,tagged,quotation,0.000,89,"""Only a little then,"" she says — and the comedy and the tragedy are entirely inseparable."
nop_v30_woodcourt_edmund_trevelyan,no_passages,confabulation,tagged,quotation,0.000,38,The costs have swallowed up the whole.
nop_v30_woodcourt_edmund_trevelyan,no_passages,confabulation,tagged,quotation,0.000,57,"This is your home, my dear — earned by years of goodness."
nop_v12_radical_panel,no_passages,confabulation,tagged,quotation,0.020,176,"He says: the uncertainty and the hope that the suit holds out — these are the very things that have made the suit the master of Richard, and not Richard the master of the suit."
nop_v29_blackstone_rosen_trevelyan,no_passages,confabulation,tagged,quotation,0.031,262,"He writes: 'Never can there come fog too thick, never can there come mud and mire too deep, to assort with the groping and floundering condition which this High Court of Chancery, most pestilent of hoary sinners, holds this day in the sight of heaven and earth.'"
nop_v10_conservative,no_passages,confabulation,tagged,quotation,0.032,169,"He writes: 'What connexion can there be between the place in Lincolnshire, the house in town, the Mercury in powder, and the whereabout of Jo the outlaw with the broom?'"
nop_v29_blackstone_rosen_trevelyan,no_passages,confabulation,tagged,quotation,0.032,168,"Dickens writes: 'Fog everywhere. Fog up the river, where it flows among green aits and meadows; fog down the river, where it rolls defiled among the tiers of shipping.'"
nop_v18_trevelyan_rosen,no_passages,confabulation,tagged,quotation,0.038,277,"And she has named those birds — and this is one of the passages I find myself coming back to — Hope, Joy, Youth, Peace, Rest, Life, Dust, Ashes, Waste, Ruin, Despair, Madness, Death, Cunning, Folly, Words, Wigs, Rags, Sheepskin, Plunder, Precedent, Jargon, Gammon, and Spinach."
nop_v19_all_swapped,no_passages,confabulation,tagged,quotation,0.043,166,"There has been no childhood in the Smallweed family. The Smallweeds have discarded all amusements, discarded fairy tales, discarded all stories, discarded everything."
nop_v15_trevelyan_for_hartley,no_passages,confabulation,tagged,quotation,0.043,328,"She says — and this is the very last thing she writes — 'I know that my dearest little pets are very pretty, and that my darling is very beautiful, and that my husband is very handsome, and that my guardian has the brightest and most benevolent face that ever was seen, and that they can very well do"
nop_v30_woodcourt_edmund_trevelyan,no_passages,confabulation,tagged,quotation,0.054,181,"He writes something like: 'Jo is brought in. He is not one of Mrs. Jellyby's lambs, being wholly unconnected with Borrioboola-Gha; he is not softened by distance and unfamiliarity.'"
nop_v14_trevelyan_for_woodcourt,no_passages,confabulation,tagged,quotation,0.055,162,"I have better knowledge of my own heart than to believe that I could, at my time of life, find a young lady so perfectly suited to my happiness as my dear Esther."
nop_v27_blackstone_edmund_rosen,no_passages,confabulation,tagged,quotation,0.055,178,"The best of men, Mr. Carstone, the best of men are found wanting... I wish to say no more of any professional brother than that, and I say it with a full conviction of its truth."
nop_v30_woodcourt_edmund_trevelyan,no_passages,confabulation,tagged,quotation,0.068,117,"She keeps her birds in cages — Hope, Joy, Youth, Peace, Rest, Life, Dust, Ashes, Waste, Want, Ruin, Despair, Madness."
nop_v28_blackstone_edmund_trevelyan,no_passages,confabulation,tagged,quotation,0.070,202,"Conscious that he is always acquiring himself towards his client, that he is always preparing himself to receive his client, that he is always expecting to discover something new in his client's favour."
nop_v12_radical_panel,no_passages,confabulation,tagged,quotation,0.089,239,"Dickens gives Jarndyce a line of such sorrowful clarity — he says: I have watched you, Richard, and I know what this suit has cost you; but the cost to you is not the worst of it — the worst is what it has made you believe about the world."
nop_v26_blackstone_woodcourt_edmund,no_passages,confabulation,tagged,quotation,0.147,181,"I know that I am prettier than I ever was. I did not know that I was prettier than I ever was. I have been told so. But I must write it, perhaps, because I want everyone to know it."
nop_v14_trevelyan_for_woodcourt,no_passages,confabulation,tagged,quotation,0.163,164,"Never can there come fog too thick, never can there come mud and mire too deep, to assort with the groping and floundering condition of this High Court of Chancery."
nop_v15_trevelyan_for_hartley,no_passages,confabulation,tagged,quotation,0.163,164,"Never can there come fog too thick, never can there come mud and mire too deep, to assort with the groping and floundering condition of this High Court of Chancery."
nop_v17_trevelyan_edmund,no_passages,confabulation,tagged,quotation,0.163,164,"Never can there come fog too thick, never can there come mud and mire too deep, to assort with the groping and floundering condition of this High Court of Chancery."
nop_v21_hartley_blackstone_edmund,no_passages,confabulation,tagged,quotation,0.163,164,"Never can there come fog too thick, never can there come mud and mire too deep, to assort with the groping and floundering condition of this High Court of Chancery."
nop_v25_hartley_rosen_trevelyan,no_passages,confabulation,tagged,quotation,0.163,164,"Never can there come fog too thick, never can there come mud and mire too deep, to assort with the groping and floundering condition of this High Court of Chancery."
nop_v28_blackstone_edmund_trevelyan,no_passages,confabulation,tagged,quotation,0.163,164,"Never can there come fog too thick, never can there come mud and mire too deep, to assort with the groping and floundering condition of this High Court of Chancery."
nop_v29_blackstone_rosen_trevelyan,no_passages,confabulation,tagged,quotation,0.163,164,"Never can there come fog too thick, never can there come mud and mire too deep, to assort with the groping and floundering condition of this High Court of Chancery."
nop_v30_woodcourt_edmund_trevelyan,no_passages,confabulation,tagged,quotation,0.163,164,"Never can there come fog too thick, never can there come mud and mire too deep, to assort with the groping and floundering condition of this High Court of Chancery."
nop_v30_woodcourt_edmund_trevelyan,no_passages,confabulation,tagged,quotation,0.199,125,"My young friend,' says Chadband, 'you are to us a pearl, you are to us a diamond, you are to us a gem, you are to us a jewel."
nop_v28_blackstone_edmund_trevelyan,no_passages,confabulation,tagged,quotation,0.204,166,"Dickens writes of him: 'He has a habit of standing before a fire with his hands behind him, listening to the crackling. He can stand thus for half an hour at a time.'"
nop_v24_hartley_edmund_rosen,no_passages,confabulation,tagged,quotation,0.229,105,"'Jo,' says Allan. 'I am here.' 'I hear you, sir,' he answers. 'Don't you fret yourself no more about it.'"
nop_v22_hartley_blackstone_rosen,no_passages,confabulation,tagged,quotation,0.265,225,"has become so complicated that no man alive knows what it means... but innumerable children have been born into the cause; innumerable young people have married into it; and, sadly, innumerable old people have died out of it."
nop_v16_trevelyan_for_blackstone,no_passages,confabulation,tagged,quotation,0.269,139,"I have no purpose but to die. I am too wicked, too lost, too far removed, too steeped in evil, to make the least response to what you urge."
nop_v12_radical_panel,no_passages,confabulation,tagged,quotation,0.274,154,"Dickens describes him at one point — and I love this image — as a man who keeps his information 'as his clients do their deeds, secretly and in darkness.'"
nop_v11_marxist,no_passages,confabulation,tagged,quotation,0.281,60,"He is of a burrowing habit, and rarely comes to the surface."
nop_v10_conservative,no_passages,confabulation,tagged,quotation,0.284,94,Move on. I have not forgotten how the folks in fur and velvet turned me out of sight. Move on.
nop_v25_hartley_rosen_trevelyan,no_passages,confabulation,tagged,quotation,0.288,127,"He is of a hard, close, secret nature. Mole-like, he works in the dark, and is pretty certain to come out where least expected."
nop_v16_trevelyan_for_blackstone,no_passages,confabulation,tagged,quotation,0.289,77,Move on. I have no outrage to offer to the dead comparisons in that. Move on.
nop_v24_hartley_edmund_rosen,no_passages,confabulation,tagged,quotation,0.299,104,"He was very young, and in his early death, if aught of life remains in this dull world, I mourn for him."
nop_v18_trevelyan_rosen,no_passages,confabulation,tagged,quotation,0.301,144,"My friends, what is Terewth? Terewth is a something as is not easily told — but it is a something as I mean to instil into you, my young friend!"
nop_v24_hartley_edmund_rosen,no_passages,confabulation,tagged,quotation,0.314,68,"I have been greatly to blame. I see it all, now that it is too late."
nop_v30_woodcourt_edmund_trevelyan,no_passages,confabulation,tagged,quotation,0.315,124,"I have no home left. I am too dishonoured to remain where I have been so long, or to see the people among whom I have moved."
nop_v19_all_swapped,no_passages,confabulation,tagged,quotation,0.320,114,I was rendered motionless... and looked at her with the most curious sensation I have ever experienced in my life.
nop_v29_blackstone_rosen_trevelyan,no_passages,confabulation,tagged,quotation,0.324,151,"He writes: 'Fog everywhere; fog up the river... fog in the eyes and throats of ancient Greenwich pensioners, wheezing by the firesides of their wards.'"
nop_v12_radical_panel,no_passages,confabulation,tagged,quotation,0.325,126,He is not one of Mrs. Jellyby's children... he has not been educated at the Philanthropic Institution... he is not even a cow.
nop_v12_radical_panel,no_passages,confabulation,tagged,quotation,0.325,112,I have been here many years. I have been here every day for many years. I have seen so many suitors come and go.
nop_v21_hartley_blackstone_edmund,no_passages,confabulation,tagged,quotation,0.327,125,"The name of Vholes, his horse's name, and his father's name are so many tokens of the solidity of his professional character."
nop_v15_trevelyan_for_hartley,no_passages,confabulation,tagged,quotation,0.329,95,He is of no use in the aspect of those old buildings; but he is in possession of their secrets.
nop_v01_baseline,no_passages,confabulation,tagged,quotation,0.329,111,"I have no purpose but to die. When I am found, let me be carried to where I am to lie, and left without a word."
nop_v10_conservative,no_passages,confabulation,tagged,quotation,0.333,96,"Dickens writes that she stands at the gate of that terrible place and says: ""Is he buried here?"""
nop_v24_hartley_edmund_rosen,no_passages,confabulation,tagged,quotation,0.336,204,"My Lady Dedlock has been down at what she calls, in familiar conversation, our place in Lincolnshire. The waters are out in Lincolnshire. An arch of the bridge in the park has been sapped and sopped away."
nop_v12_radical_panel,no_passages,confabulation,tagged,quotation,0.339,193,"He writes that Vholes had a presence that seemed to consume the very air of the room — that when he put his black gloves on, it was as if he were dressing for a funeral, and it was not his own."
nop_v27_blackstone_edmund_rosen,no_passages,confabulation,tagged,quotation,0.339,152,"The name of Vholes... seems to start out of the firelight, to take a seat near Richard, to watch him, and to keep a wary eye upon that weakening morsel."
nop_v30_woodcourt_edmund_trevelyan,no_passages,confabulation,tagged,quotation,0.348,151,"I am disposed to think that there's something wrong somewhere, Ada, and that if we put it right, we shall find it was not quite so long as it appeared."
nop_v14_trevelyan_for_woodcourt,no_passages,confabulation,tagged,quotation,0.349,140,"Wheresoever the sun goes down, it paints the miserable sky with red; and on the eastern shore of that whirlpool, not a ship is seen to come."
nop_v27_blackstone_edmund_rosen,no_passages,confabulation,tagged,quotation,0.351,126,"""The clouds have cleared from you and you are at peace"" — Ada says to him at the end, and it's true, in the most terrible way."
nop_v17_trevelyan_edmund,no_passages,confabulation,tagged,quotation,0.355,118,"The Chancery suit is not the cause of this. It may be the means of bringing it to its height, but it is not the cause."
nop_v14_trevelyan_for_woodcourt,no_passages,confabulation,tagged,quotation,0.356,100,The best and the brightest and the most distinguished men have been ruined in Jarndyce and Jarndyce.
nop_v17_trevelyan_edmund,no_passages,confabulation,tagged,quotation,0.356,140,"He looked older; his eyes were unnaturally bright; and there was an eager, restless something about him that I had never seen in him before."
nop_v12_radical_panel,no_passages,confabulation,tagged,quotation,0.358,122,"She says: 'I know that my face is changed, but I think for the better... I have never known it to do otherwise than grow.'"
nop_v16_trevelyan_for_blackstone,no_passages,confabulation,tagged,quotation,0.364,87,Even supposing — but what nonsense I am writing! I am to be always contented and happy.
nop_v24_hartley_edmund_rosen,no_passages,confabulation,tagged,quotation,0.364,188,"Knows a respectful touch of the hat when he sees it, whether in a nod from a poor man or a flourish from a rich one. Knows that it's hard to keep the mud off the crossing in dirty weather."
nop_v30_woodcourt_edmund_trevelyan,no_passages,confabulation,tagged,quotation,0.365,71,"He says, and I think this is in chapter eleven: 'I don't know nothink.'"
nop_v01_baseline,no_passages,confabulation,tagged,quotation,0.365,122,"A dull, forlorn, and miserable-looking man, always at work in a mysterious part of his office which no light ever touched."
nop_v29_blackstone_rosen_trevelyan,no_passages,confabulation,tagged,quotation,0.366,68,"I have been shown the whole of my life, and know it to be beautiful."
nop_v23_hartley_woodcourt_rosen,no_passages,confabulation,tagged,quotation,0.368,169,There is not a drop of Tom\'s corrupted blood but propagates infection and contagion somewhere... there is not an atom of Tom\'s slime... but shall work its retribution.
nop_v28_blackstone_edmund_trevelyan,no_passages,confabulation,tagged,quotation,0.369,70,I covet nothing. It's not my affair. I'm not going to have any affair.
nop_v11_marxist,no_passages,confabulation,tagged,quotation,0.370,77,"I have no purpose but to die. When you see me next, it will be the last time."
nop_v28_blackstone_edmund_trevelyan,no_passages,confabulation,tagged,quotation,0.370,172,Jarndyce and Jarndyce has given me warning enough of what manner of thing it is. I have found it to be of more importance to me than to any other man — to keep clear of it.
nop_v27_blackstone_edmund_rosen,no_passages,confabulation,tagged,quotation,0.370,142,"'Hallowed be — thy —' Jo murmured it slowly, and when he had said it, looked most carefully at Woodcourt, to see whether he had done it right."
nop_v29_blackstone_rosen_trevelyan,no_passages,confabulation,tagged,quotation,0.372,151,"The system! I am tired of hearing of the system. It is not the system that ruins men, but men who ruin themselves by placing their hopes in the system."
nop_v12_radical_panel,no_passages,confabulation,tagged,quotation,0.372,115,The Chancery suit has become the one object in life to the exclusion of every other. It has warped and changed him.
nop_v29_blackstone_rosen_trevelyan,no_passages,confabulation,tagged,quotation,0.372,129,"Dickens names this directly when he says the suit has become 'so costly as to be, in some sort, a monument of Chancery practice.'"
nop_v23_hartley_woodcourt_rosen,no_passages,confabulation,tagged,quotation,0.373,128,"He was not a bad fellow, but he was the son of a bad fellow; and he was the father of a worse fellow — so it runs in the family."
nop_v14_trevelyan_for_woodcourt,no_passages,confabulation,tagged,quotation,0.376,102,"She is perfectly got up, thoroughly well-dressed, and can't be better. She is not young, can't be old."
nop_v18_trevelyan_rosen,no_passages,confabulation,tagged,quotation,0.378,111,"Mr. Bucket of the Detective, whatever he sees and whatever he doesn't see, never seems to see what he does see."
nop_v12_radical_panel,no_passages,confabulation,tagged,quotation,0.378,175,"Esther says: I saw in my darling's face, and in the very set of her figure, that she had grown older in those few months — older with love, and with sorrow, and with watching."
nop_v18_trevelyan_rosen,no_passages,confabulation,tagged,quotation,0.380,89,"Fog everywhere. Fog up the river... fog on the Essex marshes, fog on the Kentish heights."
nop_v01_baseline,no_passages,confabulation,tagged,quotation,0.381,84,Suffer no fancy to lead you to connect the suit with any hope of good to yourselves.
nop_v26_blackstone_woodcourt_edmund,no_passages,confabulation,tagged,quotation,0.381,131,I know I am not steady. I know I don't do what I mean to do. I could wish to have someone near me who would help me to be steadier.
nop_v29_blackstone_rosen_trevelyan,no_passages,confabulation,tagged,quotation,0.381,140,"I was very ill indeed for many weeks. When I began to recover, I found my hair was gone, and that I should be quite different in appearance."
nop_v30_woodcourt_edmund_trevelyan,no_passages,confabulation,tagged,quotation,0.382,126,"She is dressed in plain clothes, but she is not like the other people. She does not speak to him except to say what she wants."
nop_v29_blackstone_rosen_trevelyan,no_passages,confabulation,tagged,quotation,0.382,100,"He says to Ada: 'I have been thinking, Ada, that I am not so ill as to be quite unfit for business.'"
nop_v25_hartley_rosen_trevelyan,no_passages,confabulation,tagged,quotation,0.383,146,"She says: ""I know that my dearest little pets are very pretty, and that my darling is very beautiful, and that my husband is very handsome, and —"""
nop_v28_blackstone_edmund_trevelyan,no_passages,confabulation,tagged,quotation,0.384,88,"He is of a dry and sandy appearance, with a hard complexion and a tightly buttoned coat."
nop_v19_all_swapped,no_passages,confabulation,tagged,quotation,0.385,95,"He seemed to be always looking at a narrow prospect of the future, through the bars of a grave."
nop_v10_conservative,no_passages,confabulation,tagged,quotation,0.385,97,And she writes: 'He was not the same Richard; he could not look me in the face as he used to do.'
nop_v12_radical_panel,no_passages,confabulation,tagged,quotation,0.385,186,"He describes the Vholes of the world as a large class dependent on the suit for their subsistence — whose families are fed by its delays, whose children are clothed by its complications."
nop_v01_baseline,no_passages,confabulation,tagged,quotation,0.389,111,"He was not only worn and haggard, but he was much changed in his manner — at once more furtive and more fierce."
nop_v29_blackstone_rosen_trevelyan,no_passages,confabulation,tagged,quotation,0.389,127,"She self-effaces in every paragraph — 'I don't know why I mention this,' 'I couldn't account for it,' 'I dare say I was wrong.'"
nop_v23_hartley_woodcourt_rosen,no_passages,confabulation,tagged,quotation,0.389,135,He is of a stony face and attitude. He has the expression of a man who has been for many years a receptacle for other people's secrets.
nop_v01_baseline,no_passages,confabulation,tagged,quotation,0.390,121,"Turn that dog's descendants loose, who are his parents, brothers, sisters? What chances or mischances have made him thus?"
nop_v23_hartley_woodcourt_rosen,no_passages,confabulation,tagged,quotation,0.390,73,"That it was a slow coach, but that the coach would come right in the end."
nop_v18_trevelyan_rosen,no_passages,confabulation,tagged,quotation,0.392,107,"I have admired you — adored you, I may say — from the first moment I had the pleasure of your acquaintance."
nop_v25_hartley_rosen_trevelyan,no_passages,confabulation,tagged,quotation,0.392,68,I only want to do right with the expectations that I naturally have.
nop_v23_hartley_woodcourt_rosen,no_passages,confabulation,tagged,quotation,0.393,104,"Don't you be afraid of me, old boy. I'm not hard upon you, George. I never am hard upon a man I respect."
nop_v26_blackstone_woodcourt_edmund,no_passages,confabulation,tagged,quotation,0.394,84,"I will begin the world"" — those are almost his last words — ""I will begin the world."
nop_v28_blackstone_edmund_trevelyan,no_passages,confabulation,tagged,quotation,0.395,131,It is in the nature of Chancery proceedings to be particularly elastic — elastic enough to stretch to any extent in time and money.
nop_v23_hartley_woodcourt_rosen,no_passages,confabulation,tagged,quotation,0.398,74,He is not to blame. Ada is not to blame. But I could wish they had waited.
nop_v21_hartley_blackstone_edmund,no_passages,confabulation,tagged,quotation,0.402,133,"It is the character of such a suit to involve the suitor in a feeling of distrust, suspicion, and — I will add — contempt of himself."
nop_v19_all_swapped,no_passages,confabulation,tagged,quotation,0.403,117,He is of a dry and somewhat morose disposition; he is not a man who professes to be animated by any generous impulse.
nop_v14_trevelyan_for_woodcourt,no_passages,confabulation,tagged,quotation,0.403,108,"I felt, through all my tumult of emotions, a burst of gratitude to the dead man who had done so much for me."
nop_v19_all_swapped,no_passages,confabulation,tagged,quotation,0.404,130,"I am not going to be what Mr. Jarndyce would like, but I have the business, the matter of fact, safe before me, and that's enough."
nop_v23_hartley_woodcourt_rosen,no_passages,confabulation,tagged,quotation,0.405,156,"I was rendered in a moment conscious that the beautiful face was quite altered, almost pale, looking at me with an astonishment that I could not understand."
nop_v17_trevelyan_edmund,no_passages,confabulation,tagged,quotation,0.405,75,The costs have swallowed up the whole estate... There is nothing to divide.
nop_v12_radical_panel,no_passages,confabulation,tagged,quotation,0.405,143,"I felt so grateful and so ashamed of their praise, and so comforted; and I thought, if I could only be industrious and make them some return..."
nop_v15_trevelyan_for_hartley,no_passages,confabulation,tagged,quotation,0.407,105,"Dickens gives us: 'He looked at me with a smile, and turning gently to his wife, breathed a long breath.'"
nop_v12_radical_panel,no_passages,confabulation,tagged,quotation,0.408,94,"My Lady Dedlock has been languid and pretty and bored, and has quite forgotten Captain Hawdon."
nop_v30_woodcourt_edmund_trevelyan,no_passages,confabulation,tagged,quotation,0.408,94,"Give me no trouble, my Lady, and I will give you none. Remain as you are and all will be well."
nop_v14_trevelyan_for_woodcourt,no_passages,confabulation,tagged,quotation,0.409,98,"He could have been the Lord Chancellor himself, he says, as he slowly chalks JARNDYCE on the wall."
nop_v29_blackstone_rosen_trevelyan,no_passages,confabulation,tagged,quotation,0.410,102,"He describes Vholes as having 'a slow, sure, noiseless way with him, as if he were making hay of you.'"
nop_v28_blackstone_edmund_trevelyan,no_passages,confabulation,tagged,quotation,0.411,167,There is not a drop of Tom's corrupted blood but propagates infection and contagion somewhere... There is not an atom of Tom's slime... but shall work its retribution.
nop_v10_conservative,no_passages,confabulation,tagged,quotation,0.412,134,My Lady Dedlock has been bored to death. There is a deadness about her that suggests she is looking for something she will never find.
nop_v19_all_swapped,no_passages,confabulation,tagged,quotation,0.412,118,I am a child — I know nothing of the world. I am an innocent creature. I fly about the world on the wings of pleasure.
nop_v28_blackstone_edmund_trevelyan,no_passages,confabulation,tagged,quotation,0.412,177,"Fog everywhere. Fog up the river... fog on the Essex marshes, fog on the Kentish heights... and hard by Temple Bar... sat the Lord High Chancellor in his High Court of Chancery."
nop_v27_blackstone_edmund_rosen,no_passages,confabulation,tagged,quotation,0.414,116,"And then Dickens gives us this: she put her hand upon her heart, and prayed in a quick, wild way, or almost swooned."
nop_v16_trevelyan_for_blackstone,no_passages,confabulation,tagged,quotation,0.415,105,"I looked at her; she looked at me. I had seen her somewhere before. And I had seen that look before, too."
nop_v18_trevelyan_rosen,no_passages,confabulation,tagged,quotation,0.417,75,She has seen it in his hand. She has seen him write it. She knows the hand.
nop_v29_blackstone_rosen_trevelyan,no_passages,confabulation,tagged,quotation,0.417,107,"Fog everywhere. Fog up the river. Fog down the river. Fog on the Essex marshes, fog on the Kentish heights."
nop_v27_blackstone_edmund_rosen,no_passages,confabulation,tagged,quotation,0.421,125,"She writes: ""I was very much changed — I knew that; I had undergone great suffering, great fatigue; and I had been very ill."""
nop_v16_trevelyan_for_blackstone,no_passages,confabulation,tagged,quotation,0.422,131,"He tells her something like: 'I have been in the suit so long that it has grown to be my whole life, and I can't get it out of me.'"
nop_v23_hartley_woodcourt_rosen,no_passages,confabulation,tagged,quotation,0.422,80,There was an air about him that was not the air of a man who lived in the light.
nop_v27_blackstone_edmund_rosen,no_passages,confabulation,tagged,quotation,0.423,78,"He looked like a man who had fallen from a tower, and lay where he had fallen."
nop_v15_trevelyan_for_hartley,no_passages,confabulation,tagged,quotation,0.424,109,I don't mean to say that I have not occasionally been in want of money. I have frequently been in want of it.
nop_v28_blackstone_edmund_trevelyan,no_passages,confabulation,tagged,quotation,0.427,94,I thought of my own mother. Dare I say that I saw traces of her face in the dead child's face?
nop_v01_baseline,no_passages,confabulation,tagged,quotation,0.428,133,"I was rendered motionless. Not so much by her beauty, as by something in her face that I could not separate from my old remembrances."
nop_v10_conservative,no_passages,confabulation,tagged,quotation,0.429,92,"He writes: ""She has turned a little paler than before, and takes no notice of what is said."""
nop_v29_blackstone_rosen_trevelyan,no_passages,confabulation,tagged,quotation,0.431,126,"And then Dickens writes of him: 'He has his hand upon the key, and will put it in the lock, when he chooses, when he pleases.'"
nop_v16_trevelyan_for_blackstone,no_passages,confabulation,tagged,quotation,0.432,105,"My Lady Dedlock has been rather congratulated on her conquest of boredom, for she is perfectly well-bred."
nop_v12_radical_panel,no_passages,confabulation,tagged,quotation,0.433,113,"A good-natured man... not a bad man. He is not a cruel man, he is not a mean man; he is simply a feudal superior."
nop_v25_hartley_rosen_trevelyan,no_passages,confabulation,tagged,quotation,0.438,113,I was very much changed — I know that. But I felt in some way that I was much more myself than I had been before.
nop_v16_trevelyan_for_blackstone,no_passages,confabulation,tagged,quotation,0.438,140,"I am very weak, but I don't know that I am sorry, I don't know that I ought to be. It was the clouds that were between us, not we ourselves."
nop_v22_hartley_blackstone_rosen,no_passages,confabulation,tagged,quotation,0.439,207,"The light is come upon the dark benighted way. Dead! Dead, your Majesty. Dead, my lords and gentlemen... Dead, men and women, born with Heavenly compassion in your hearts. And dying thus around us every day."
nop_v26_blackstone_woodcourt_edmund,no_passages,confabulation,tagged,quotation,0.439,76,'Move on!' Everywhere. 'Move on' — as if there were somewhere to move on to.
nop_v25_hartley_rosen_trevelyan,no_passages,confabulation,tagged,quotation,0.441,158,"And there's that devastating moment where he says to Esther: ""I am not so unreasonable as to think that you and John could help it, or that I am blaming you."""
nop_v24_hartley_edmund_rosen,no_passages,confabulation,tagged,quotation,0.442,123,"Mr. Tulkinghorn is not the man to patch it, or to plaster it, or to fill it up with mortar, or to do anything but watch it."
nop_v14_trevelyan_for_woodcourt,no_passages,confabulation,tagged,quotation,0.442,143,"I had never heard my mama called so, and the word was new to me. It sounded so strange to me that I had to think, before I could understand it."
nop_v22_hartley_blackstone_rosen,no_passages,confabulation,tagged,quotation,0.444,135,"Dickens writes that Richard is 'as worn and haggard' as if he had 'gone through fifty years of trouble' — aged by process, not by life."
nop_v19_all_swapped,no_passages,confabulation,tagged,quotation,0.445,118,"He was not only very thin but he looked upon me with a gleam of triumph, as if he were winning his great game at last."
nop_v18_trevelyan_rosen,no_passages,confabulation,tagged,quotation,0.446,82,"She lay there, who had so lately been so handsome, the mother of the living child."
nop_v27_blackstone_edmund_rosen,no_passages,confabulation,tagged,quotation,0.447,109,"Dickens writes that she faced him with a face of great resolution, and with something of a proud anger in it."
nop_v18_trevelyan_rosen,no_passages,confabulation,tagged,quotation,0.448,125,"What is Peace? Is it War? No. Is it Strife? No. It is the ray of rays, the sun of suns, the moon of moons, the star of stars."
nop_v14_trevelyan_for_woodcourt,no_passages,confabulation,tagged,quotation,0.449,121,not one of Mrs. Pardiggle's Tockahoopo Indians; not a genuine foreign-grown savage; he is the ordinary home-made article.
nop_v23_hartley_woodcourt_rosen,no_passages,confabulation,tagged,quotation,0.452,83,"I wish to say to you, Mr. Carstone, that I have done what I consider to be my duty."
nop_v14_trevelyan_for_woodcourt,no_passages,confabulation,tagged,quotation,0.453,71,It is in the nature of Chancery to begin something and to never end it.
nop_v22_hartley_blackstone_rosen,no_passages,confabulation,tagged,quotation,0.454,102,"She asks: 'And when I said I was so happy, I meant it — and I do mean it — but I mean something more.'"
nop_v30_woodcourt_edmund_trevelyan,no_passages,confabulation,tagged,quotation,0.454,106,"I have been in Court all day, and it's a very serious matter. But I am not cast down, I am not beaten yet."
nop_v16_trevelyan_for_blackstone,no_passages,confabulation,tagged,quotation,0.455,88,the uncertainty and irresolution he has contracted in the suit have made him what he is.
nop_v30_woodcourt_edmund_trevelyan,no_passages,confabulation,tagged,quotation,0.455,59,I was very well pleased to think that I was so much better.
nop_v16_trevelyan_for_blackstone,no_passages,confabulation,tagged,quotation,0.458,139,"I have done you many wrongs, my own.  I have fallen away from the course I ought to have taken, but we will be better, better, better, Ada."
nop_v29_blackstone_rosen_trevelyan,no_passages,confabulation,tagged,quotation,0.459,103,I am a child. I know nothing of the matter. I never did know anything of the matter. And I never shall.
nop_v12_radical_panel,no_passages,confabulation,tagged,quotation,0.462,148,"He writes of Richard that he was a fine young man, but he was not constant in anything but inconsistency — that he never fixed himself to a purpose."
nop_v17_trevelyan_edmund,no_passages,confabulation,tagged,quotation,0.463,131,"The Court of Chancery, though it has its use and its business, is so constituted as to give to suitors every possible disadvantage."
nop_v11_marxist,no_passages,confabulation,tagged,quotation,0.466,119,I told him that I should wish Lady Dedlock to be sought and found — she is my wife — and that I am here to receive her.
nop_v14_trevelyan_for_woodcourt,no_passages,confabulation,tagged,quotation,0.466,124,"He is 'a sallow man with pinched lips... who... looked as though he had been lit up, by the soul within him, if he had one.'"
nop_v29_blackstone_rosen_trevelyan,no_passages,confabulation,tagged,quotation,0.467,80,He warns Richard: 'Suffer any wrong that can be done you rather than come here.'
nop_v15_trevelyan_for_hartley,no_passages,confabulation,tagged,quotation,0.468,76,"'Suffer any wrong that can be done you rather than come here,' he tells him."
nop_v22_hartley_blackstone_rosen,no_passages,confabulation,tagged,quotation,0.468,152,"Mr Vholes is a very respectable man. He has never been known to desert his post. His father was in the Vale of Taunton, his three daughters are at home."
nop_v10_conservative,no_passages,confabulation,tagged,quotation,0.469,72,I only ask to be free from the painful necessity of thinking about them.
nop_v11_marxist,no_passages,confabulation,tagged,quotation,0.473,98,"The costs had swallowed up the whole estate, and there was nothing left for either of the parties."
nop_v19_all_swapped,no_passages,confabulation,tagged,quotation,0.473,83,The suit does not lie with me. It is the suit that has gradually made me what I am.
nop_v25_hartley_rosen_trevelyan,no_passages,confabulation,tagged,quotation,0.473,96,"She writes: ""I was very much changed — I can see, even now, that I was quite shocked at myself."""
nop_v01_baseline,no_passages,confabulation,tagged,quotation,0.475,124,"My Lady Dedlock had been for many years, what, in the light of the present crisis, it was her pride to be — utterly unknown."
nop_v26_blackstone_woodcourt_edmund,no_passages,confabulation,tagged,quotation,0.475,107,"Fog everywhere. Fog up the river... fog down the river, where it rolls defiled among the tiers of shipping."
nop_v23_hartley_woodcourt_rosen,no_passages,confabulation,tagged,quotation,0.477,125,I thought it best to speak to him as if he were a little older than he looked. I asked him if he knew where he had come from.
nop_v22_hartley_blackstone_rosen,no_passages,confabulation,tagged,quotation,0.479,104,"appeared to be always looking at the client, as if he were making a lingering meal of him with his eyes."
nop_v11_marxist,no_passages,confabulation,tagged,quotation,0.479,104,"I know that my old face is — I do not know what it is — whatever it is, it is the face my husband loves."
nop_v12_radical_panel,no_passages,confabulation,tagged,quotation,0.482,85,I covet nothing. I don't want money. I have no idea of money. I have no idea of time.
nop_v14_trevelyan_for_woodcourt,no_passages,confabulation,tagged,quotation,0.482,85,"Dickens writes: ""I passed on to the gate, and my heart sank to see it standing open."""
nop_v16_trevelyan_for_blackstone,no_passages,confabulation,tagged,quotation,0.482,85,"My Lady, I am quite sure that your Ladyship's strength of character will sustain you."
nop_v22_hartley_blackstone_rosen,no_passages,confabulation,tagged,quotation,0.482,171,"Jarndyce and Jarndyce has warped the lives of all who have had anything to do with it — has corrupted the suitors, their families and connexions, and warped their natures."
nop_v23_hartley_woodcourt_rosen,no_passages,confabulation,tagged,quotation,0.482,83,Dickens writes: 'And lying there — the mother of the living child — cold and dead.'
nop_v15_trevelyan_for_hartley,no_passages,confabulation,tagged,quotation,0.482,122,"What is peace? Is it war? No. Is it strife? No. It is the one thing needful, it is the ray of light, it is the ray of joy."
nop_v10_conservative,no_passages,confabulation,tagged,quotation,0.483,105,"I had always been told that I was a poor unfortunate child, but I had never known myself to be so before."
nop_v25_hartley_rosen_trevelyan,no_passages,confabulation,tagged,quotation,0.484,140,"Esther writes: ""I was rendered motionless — not by her beauty, though that was great — but by something in her face that I had seen before."""
nop_v21_hartley_blackstone_edmund,no_passages,confabulation,tagged,quotation,0.486,78,The costs have swallowed up the whole estate — the suit lapses and melts away.
nop_v25_hartley_rosen_trevelyan,no_passages,confabulation,tagged,quotation,0.489,80,"I am a child, you know! I am a mere child. I know nothing of the value of money."
nop_v11_marxist,no_passages,confabulation,tagged,quotation,0.489,82,"I was very glad to know it, but I was not quite glad yet that it must needs be so."
nop_v26_blackstone_woodcourt_edmund,no_passages,confabulation,tagged,quotation,0.491,96,"I am a child, you know! I am a mere child. I know nothing of the art of life — nothing whatever."
nop_v12_radical_panel,no_passages,confabulation,tagged,quotation,0.492,132,"Vholes is a very respectable man. He has always kept himself so. There is nothing sanguine about him. He is black, with a red mouth."
nop_v16_trevelyan_for_blackstone,no_passages,confabulation,tagged,quotation,0.492,87,"He had no objection to honey, though he objected to the labour of the bees who made it."
nop_v14_trevelyan_for_woodcourt,no_passages,confabulation,tagged,quotation,0.494,119,"Impassive, faces, the Roman, pointing from the ceiling, with no more expression in it than the pointing has always had."
nop_v17_trevelyan_edmund,no_passages,confabulation,tagged,quotation,0.495,106,I was very much changed — I knew that. But my housekeeping keys were still there — and what did it matter?
nop_v16_trevelyan_for_blackstone,no_passages,confabulation,tagged,quotation,0.497,70,My Lady Dedlock is indisposed. She is not well. She has been flurried.
nop_v21_hartley_blackstone_edmund,no_passages,confabulation,tagged,quotation,0.498,100,"He had the brightest and most handsome face I ever saw... but it had an anxious, haggard expression."
nop_v23_hartley_woodcourt_rosen,no_passages,confabulation,tagged,quotation,0.498,111,I looked at her; and I could not look away from her. My sight was so intent upon her face that I heard nothing.
nop_v11_marxist,no_passages,confabulation,tagged,quotation,0.500,80,"I am not a calculating fellow, Ada, and I have lost the thread of my intentions."
nop_v12_radical_panel,no_passages,confabulation,tagged,quotation,0.505,46,I know that I am prettier now than I ever was.
nop_v17_trevelyan_edmund,no_passages,confabulation,tagged,quotation,0.505,46,I know that I am prettier now than I ever was.
nop_v19_all_swapped,no_passages,confabulation,tagged,quotation,0.507,113,So much of his chest that he had to hold his breath when he bowed — which was not so much a bow as an extinction.
nop_v18_trevelyan_rosen,no_passages,confabulation,tagged,quotation,0.508,150,"It's in the nature of the thing. From the moment of its beginning, it has been death — slowly and surely — to everyone who has been connected with it."
nop_v17_trevelyan_edmund,no_passages,confabulation,tagged,quotation,0.510,129,I have never loved your father as I ought to have done. I was not without a heart; the fault was not that I had too little heart.
nop_v23_hartley_woodcourt_rosen,no_passages,confabulation,tagged,quotation,0.511,80,"I am very weak, but I don't know that I am sorry. I am going to begin the world."
nop_v18_trevelyan_rosen,no_passages,confabulation,tagged,quotation,0.513,85,I could have wished that he had been less sanguine as to the justice of his own case.
nop_v18_trevelyan_rosen,no_passages,confabulation,tagged,quotation,0.514,161,He is not one of Mrs. Pardiggle's Tockahoopo Indians; he is not one of Mrs. Jellyby's lambs... he is only Jo the crossing-sweeper... and he doesn't know nothin'.
nop_v29_blackstone_rosen_trevelyan,no_passages,confabulation,tagged,quotation,0.521,43,The victim of a fatal habit of putting off.
nop_v17_trevelyan_edmund,no_passages,confabulation,tagged,quotation,0.529,54,"He wore his old bright face, as if it were his banner."
nop_v21_hartley_blackstone_edmund,no_passages,confabulation,tagged,quotation,0.529,84,"Jarndyce says, in effect, 'Trust in nothing but in Providence and your own efforts.'"
nop_v19_all_swapped,no_passages,confabulation,tagged,quotation,0.531,94,Mr. Vholes is a very respectable man. He has never been known to act otherwise than correctly.
nop_v23_hartley_woodcourt_rosen,no_passages,confabulation,inline,quotation,0.533,60,a general impression that Chancery would come right at last.
nop_v15_trevelyan_for_hartley,no_passages,confabulation,tagged,quotation,0.535,108,When the case is over. Whichever way it goes. I have a presentiment that it must be over — soon. Ve-ry soon.
nop_v17_trevelyan_edmund,no_passages,confabulation,tagged,quotation,0.537,49,It is not the money I care for — it is the right.
nop_v19_all_swapped,no_passages,confabulation,tagged,quotation,0.538,123,"And yet, when the end comes, Richard reaches for Jarndyce. He says, ""I am very weak, but I am glad to come to you at last."""
nop_v26_blackstone_woodcourt_edmund,no_passages,confabulation,tagged,quotation,0.540,56,I perceived that he had already begun to write about it.
nop_v21_hartley_blackstone_edmund,no_passages,confabulation,tagged,quotation,0.542,152,"""It's a swearing to tell the truth."" ""Have you any idea of the nature of an oath?"" And the coroner dismisses him — because Jo knows nothing of the form."
nop_v17_trevelyan_edmund,no_passages,confabulation,tagged,quotation,0.546,145,My Lady Dedlock has been bored to death. My Lady Dedlock has been in a dull condition ever since the family quarterings fell to pieces about her.
nop_v22_hartley_blackstone_rosen,no_passages,confabulation,tagged,quotation,0.547,67,Lady Dedlock says to Esther: 'I am your wicked and unhappy mother.'
nop_v28_blackstone_edmund_trevelyan,no_passages,confabulation,tagged,quotation,0.548,85,Suffer no fancy to lead you to the Court of Chancery. It is a pit — a bottomless pit.
nop_v23_hartley_woodcourt_rosen,no_passages,confabulation,tagged,quotation,0.548,120,"Mr. Vholes's manner is that of a man who feeds, who is always looking at the client, as if he were making a meal of him."
nop_v21_hartley_blackstone_edmund,no_passages,confabulation,tagged,quotation,0.550,84,"It's in repose that I am Jarndyce of Bleak House, and there I find my own character."
nop_v15_trevelyan_for_hartley,no_passages,confabulation,tagged,quotation,0.551,108,"Dickens writes that Vholes is 'a sallow man with pinched lips, who looked as if he had not been fed enough.'"
nop_v28_blackstone_edmund_trevelyan,no_passages,confabulation,tagged,quotation,0.555,118,"'She lay there, who had so lately held her state,' in Jenny's clothes — the cloak, the dress of the brickmaker's wife."
nop_v11_marxist,no_passages,confabulation,tagged,quotation,0.555,109,"The old man carries family secrets in every secret drawer of his bureau, and will so carry them to his grave."
nop_v01_baseline,no_passages,confabulation,tagged,quotation,0.563,106,"He died some five years afterwards, and left a diary, in which he had recorded many pleasant observations."
nop_v24_hartley_edmund_rosen,no_passages,confabulation,tagged,quotation,0.564,130,"'My Lady Dedlock has been extraordinary restless' — and then that devastating fainting, the sudden collapse of the entire edifice."
nop_v11_marxist,no_passages,confabulation,tagged,quotation,0.564,183,"This is the Court of Chancery; which has its decaying houses and its blighted lands in every shire; which has its worn-out lunatic in every madhouse, and its dead in every churchyard."
nop_v23_hartley_woodcourt_rosen,no_passages,confabulation,tagged,quotation,0.564,183,"This is the Court of Chancery; which has its decaying houses and its blighted lands in every shire; which has its worn-out lunatic in every madhouse, and its dead in every churchyard."
nop_v26_blackstone_woodcourt_edmund,no_passages,confabulation,tagged,quotation,0.564,183,"This is the Court of Chancery; which has its decaying houses and its blighted lands in every shire; which has its worn-out lunatic in every madhouse, and its dead in every churchyard."
nop_v26_blackstone_woodcourt_edmund,no_passages,confabulation,tagged,quotation,0.565,85,The uncertainties and delays of this suit have become the realities of his existence.
nop_v25_hartley_rosen_trevelyan,no_passages,confabulation,tagged,quotation,0.568,99,"I thought it best to be as useful as I could, and to render myself as little obtrusive as possible."
nop_v28_blackstone_edmund_trevelyan,no_passages,confabulation,tagged,quotation,0.570,270,"I know that my dearest little pets are very pretty, and that my darling is very beautiful, and that my husband is very handsome, and that my guardian has the brightest and most benevolent face that ever was seen, and that they can very well do without much beauty in me."
nop_v27_blackstone_edmund_rosen,no_passages,confabulation,tagged,quotation,0.570,114,"It is, he writes, Allegory, in Roman helmet and celestial linen, pointing at last in the direction of Tulkinghorn."
nop_v29_blackstone_rosen_trevelyan,no_passages,confabulation,tagged,quotation,0.575,107,I had never heard my mama spoken of... I had never been shown my mama's grave... I had never been told why.
nop_v25_hartley_rosen_trevelyan,no_passages,confabulation,tagged,quotation,0.580,89,"Mr. Vholes, with his long black figure, looking as if he were slowly wakening for a meal."
nop_v01_baseline,no_passages,confabulation,tagged,quotation,0.582,95,I don't feel any vulgar gratitude to the bee. I don't feel any call upon me to imitate the bee.
nop_v24_hartley_edmund_rosen,no_passages,confabulation,tagged,quotation,0.584,61,"I had never known before how good he was, but I knew it then."
nop_v27_blackstone_edmund_rosen,no_passages,confabulation,tagged,quotation,0.585,76,It's the one great principle of the English law to make business for itself.
nop_v19_all_swapped,no_passages,confabulation,tagged,quotation,0.587,41,Move on. I have nothing for you. Move on.
nop_v11_marxist,no_passages,confabulation,tagged,quotation,0.589,228,"There is not a drop of Tom's corrupted blood but propagates infection and contagion somewhere. It shall pollute, this very night, the choice stream in which chemists on analysis would find the genuine nobility of a Norman house."
nop_v24_hartley_edmund_rosen,no_passages,confabulation,tagged,quotation,0.589,228,"There is not a drop of Tom's corrupted blood but propagates infection and contagion somewhere. It shall pollute, this very night, the choice stream in which chemists on analysis would find the genuine nobility of a Norman house."
nop_v29_blackstone_rosen_trevelyan,no_passages,confabulation,tagged,quotation,0.589,228,"There is not a drop of Tom's corrupted blood but propagates infection and contagion somewhere. It shall pollute, this very night, the choice stream in which chemists on analysis would find the genuine nobility of a Norman house."
nop_v01_baseline,no_passages,confabulation,tagged,quotation,0.589,50,"I am a child, you know, and I never had any money."
nop_v23_hartley_woodcourt_rosen,no_passages,confabulation,tagged,quotation,0.591,59,Scores of persons have delusion in various stages of decay.
nop_v29_blackstone_rosen_trevelyan,no_passages,confabulation,tagged,quotation,0.591,83,"He describes it as a cause 'so complicated, that no man alive knows what it means.'"
nop_v28_blackstone_edmund_trevelyan,no_passages,confabulation,tagged,quotation,0.596,63,"I wants it done, and over. I don't want no more to-do about it."
nop_v18_trevelyan_rosen,no_passages,confabulation,tagged,quotation,0.599,144,He is not one of Mrs. Pardiggle's Tockahoopo Indians; he is not one of Mrs. Jellyby's lambs... he is not softened by distance and unfamiliarity.
nop_v16_trevelyan_for_blackstone,no_passages,verifier_false_negative,tagged,quotation,0.601,176,"He was short, cadaverous, and withered, with his head sunk sideways between his shoulders, and the breath issuing in visible smoke from his mouth, as if he were on fire within."
nop_v16_trevelyan_for_blackstone,no_passages,verifier_false_negative,tagged,quotation,0.604,64,"Dickens writes something like: 'He was wery good to me, he wos.'"
nop_v17_trevelyan_edmund,no_passages,verifier_false_negative,tagged,quotation,0.608,91,"He is of a distant, silent character. He never converses when not professionally consulted."
nop_v21_hartley_blackstone_edmund,no_passages,verifier_false_negative,tagged,quotation,0.610,95,I am not a self-interested man. I have a father in the Vale of Taunton. I have three daughters.
nop_v22_hartley_blackstone_rosen,no_passages,verifier_false_negative,tagged,quotation,0.612,205,"Fog everywhere. Fog up the river, where it flows among green aits and meadows; fog down the river, where it rolls defiled among the tiers of shipping and the waterside pollutions of a great and dirty city."
nop_v23_hartley_woodcourt_rosen,no_passages,verifier_false_negative,tagged,quotation,0.612,205,"Fog everywhere. Fog up the river, where it flows among green aits and meadows; fog down the river, where it rolls defiled among the tiers of shipping and the waterside pollutions of a great and dirty city."
nop_v25_hartley_rosen_trevelyan,no_passages,verifier_false_negative,tagged,quotation,0.612,205,"Fog everywhere. Fog up the river, where it flows among green aits and meadows; fog down the river, where it rolls defiled among the tiers of shipping and the waterside pollutions of a great and dirty city."
nop_v27_blackstone_edmund_rosen,no_passages,verifier_false_negative,tagged,quotation,0.618,116,"She writes: ""I had never heard of Jarndyce and Jarndyce — which has been moving on for I don't know how many years."""
nop_v01_baseline,no_passages,verifier_false_negative,tagged,quotation,0.619,56,I don't know nothink about no lady. I never see no lady.
nop_v12_radical_panel,no_passages,verifier_false_negative,tagged,quotation,0.619,75,"The one great principle of the English law is, to make business for itself."
nop_v16_trevelyan_for_blackstone,no_passages,verifier_false_negative,tagged,quotation,0.619,75,"The one great principle of the English law is, to make business for itself."
nop_v24_hartley_edmund_rosen,no_passages,verifier_false_negative,tagged,quotation,0.619,75,"The one great principle of the English law is, to make business for itself."
nop_v26_blackstone_woodcourt_edmund,no_passages,verifier_false_negative,tagged,quotation,0.619,75,"The one great principle of the English law is, to make business for itself."
nop_v28_blackstone_edmund_trevelyan,no_passages,verifier_false_negative,tagged,quotation,0.624,124,"Mr Vholes is a very respectable man. He has a father in the Vale of Taunton, and he has three daughters, and he has to live."
nop_v10_conservative,no_passages,verifier_false_negative,tagged,quotation,0.624,70,He is a very respectable man. He has never been suspected of anything.
nop_v26_blackstone_woodcourt_edmund,no_passages,verifier_false_negative,tagged,quotation,0.625,43,The Wards in Jarndyce. And Decay. And Ruin.
nop_v29_blackstone_rosen_trevelyan,no_passages,verifier_false_negative,tagged,quotation,0.626,44,Mr. Bucket of the Detective. That's my name.
nop_v18_trevelyan_rosen,no_passages,verifier_false_negative,tagged,quotation,0.631,124,"It shall pollute, this very night, the choice stream in which chemists on analysis shall find the genuine nobility of blood."
nop_v10_conservative,no_passages,verifier_false_negative,tagged,quotation,0.632,121,"I have been dragged for five-and-twenty years over burning iron, and I have lost the use of my right hand in consequence."
nop_v24_hartley_edmund_rosen,no_passages,verifier_false_negative,tagged,quotation,0.635,157,"He is not one of Mrs. Pardiggle's Tockahoopo Indians; he is not one of Mrs. Jellyby's lambs... He is only Jo the crossing-sweeper, who lives — that's enough."
nop_v16_trevelyan_for_blackstone,no_passages,verifier_false_negative,tagged,quotation,0.640,121,Everything that Mr. Smallweed's grandfather ever put away in his mind was a coin or a bill. He has never once been young.
nop_v12_radical_panel,no_passages,verifier_false_negative,tagged,quotation,0.642,154,"I desire to say, and to call you all to witness, that I am on unaltered terms with Lady Dedlock. That I assert no cause whatever of complaint against her."
nop_v12_radical_panel,no_passages,verifier_false_negative,tagged,quotation,0.643,188,"Hope, Joy, Youth, Peace, Rest, Life, Dust, Ashes, Waste, Want, Ruin, Despair, Madness, Death, Cunning, Folly, Words, Wigs, Rags, Sheepskin, Plunder, Precedent, Jargon, Gammon, and Spinach."
nop_v27_blackstone_edmund_rosen,no_passages,verifier_false_negative,tagged,quotation,0.643,188,"Hope, Joy, Youth, Peace, Rest, Life, Dust, Ashes, Waste, Want, Ruin, Despair, Madness, Death, Cunning, Folly, Words, Wigs, Rags, Sheepskin, Plunder, Precedent, Jargon, Gammon, and Spinach."
nop_v29_blackstone_rosen_trevelyan,no_passages,verifier_false_negative,tagged,quotation,0.643,188,"Hope, Joy, Youth, Peace, Rest, Life, Dust, Ashes, Waste, Want, Ruin, Despair, Madness, Death, Cunning, Folly, Words, Wigs, Rags, Sheepskin, Plunder, Precedent, Jargon, Gammon, and Spinach."
nop_v15_trevelyan_for_hartley,no_passages,verifier_false_negative,tagged,quotation,0.646,127,"She is perfectly well-bred. If she could be translated to Heaven tomorrow, she might be expected to ascend without any rapture."
nop_v23_hartley_woodcourt_rosen,no_passages,verifier_false_negative,tagged,quotation,0.646,108,"It is the nature of the thing — the suit — to drag everything into it, to make everything subservient to it."
nop_v22_hartley_blackstone_rosen,no_passages,verifier_false_negative,tagged,quotation,0.646,132,He is not one of Mrs. Pardiggle's Tockahoopo Indians; he is not one of Mrs. Jellyby's lambs... he is the ordinary home-made article.
nop_v10_conservative,no_passages,verifier_false_negative,tagged,quotation,0.647,223,"And she tells Esther their names — Hope, Joy, Youth, Peace, Rest, Life, Dust, Ashes, Waste, Want, Ruin, Despair, Madness, Death, Cunning, Folly, Words, Wigs, Rags, Sheepskin, Plunder, Precedent, Jargon, Gammon, and Spinach."
nop_v15_trevelyan_for_hartley,no_passages,verifier_false_negative,tagged,quotation,0.649,293,"Shirking and sharking, in all their many varieties, have been sown broadcast by the ill-fated cause; and even those who have contemplated its history from the outermost circle of such evil, have been insensibly tempted into a loose way of letting bad things alone to take their own bad course."
nop_v15_trevelyan_for_hartley,no_passages,verifier_false_negative,tagged,quotation,0.655,148,Fog everywhere. Fog up the river where it flows among green aits and meadows; fog down the river where it rolls defiled among the tiers of shipping.
nop_v21_hartley_blackstone_edmund,no_passages,verifier_false_negative,tagged,quotation,0.657,118,"I have been dragged for five and twenty years over burning iron, and I have lost the use of my limbs from the torture."
nop_v21_hartley_blackstone_edmund,no_passages,verifier_false_negative,tagged,quotation,0.658,100,I had never been a beauty and had never thought myself one; but I had been very different from this.
nop_v19_all_swapped,no_passages,verifier_false_negative,tagged,quotation,0.659,73,I was very much changed — I knew that — but I felt thankful to be spared.
nop_v16_trevelyan_for_blackstone,no_passages,verifier_false_negative,inline,quotation,0.660,42,if the Court of Chancery were to melt away
nop_v19_all_swapped,no_passages,verifier_false_negative,tagged,quotation,0.660,170,"It must be a strange state to be like Jo. To shuffle through the streets, unfamiliar with the shapes, and in utter darkness as to the meaning of those mysterious symbols."
nop_v21_hartley_blackstone_edmund,no_passages,verifier_false_negative,tagged,quotation,0.660,170,"It must be a strange state to be like Jo. To shuffle through the streets, unfamiliar with the shapes, and in utter darkness as to the meaning of those mysterious symbols."
nop_v16_trevelyan_for_blackstone,no_passages,verifier_false_negative,tagged,quotation,0.662,184,"'I have so many things here,' he resumed, holding up the lantern, 'of so many kinds, and all, as the neighbours think (but they know nothing), wasting away and going to rack and ruin.'"
nop_v19_all_swapped,no_passages,verifier_false_negative,tagged,quotation,0.662,212,"I know that my dearest little pets are very pretty, and that my darling is very beautiful, and that my husband is very handsome, and that my guardian has the brightest and most benevolent face that ever was seen."
nop_v22_hartley_blackstone_rosen,no_passages,verifier_false_negative,tagged,quotation,0.663,169,"And there he sits, munching and gnawing, and looking up at the great Cross on the summit of St Paul's Cathedral, glittering above a red and violet-tinted cloud of smoke."
nop_v15_trevelyan_for_hartley,no_passages,verifier_false_negative,tagged,quotation,0.664,118,"I have been dragged for five-and-twenty years over burning iron, and I have lost the habit of making myself agreeable."
nop_v17_trevelyan_edmund,no_passages,verifier_false_negative,tagged,quotation,0.664,134,"Fog up the river, where it flows among green aits and meadows; fog down the river, where it rolls defiled among the tiers of shipping."
nop_v28_blackstone_edmund_trevelyan,no_passages,verifier_false_negative,tagged,quotation,0.664,134,"There has been only one child in the Smallweed family for several generations. Little old men and women there have been, but no child."
nop_v01_baseline,no_passages,verifier_false_negative,tagged,quotation,0.665,150,"Fog everywhere. Fog up the river, where it flows among green aits and meadows; fog down the river, where it rolls defiled among the tiers of shipping."
nop_v10_conservative,no_passages,verifier_false_negative,tagged,quotation,0.665,150,"Fog everywhere. Fog up the river, where it flows among green aits and meadows; fog down the river, where it rolls defiled among the tiers of shipping."
nop_v11_marxist,no_passages,verifier_false_negative,tagged,quotation,0.665,168,"Dickens writes: ""Fog everywhere. Fog up the river, where it flows among green aits and meadows; fog down the river, where it rolls defiled among the tiers of shipping."""
nop_v12_radical_panel,no_passages,verifier_false_negative,tagged,quotation,0.665,150,"Fog everywhere. Fog up the river, where it flows among green aits and meadows; fog down the river, where it rolls defiled among the tiers of shipping."
nop_v14_trevelyan_for_woodcourt,no_passages,verifier_false_negative,tagged,quotation,0.665,150,"Fog everywhere. Fog up the river, where it flows among green aits and meadows; fog down the river, where it rolls defiled among the tiers of shipping."
nop_v15_trevelyan_for_hartley,no_passages,verifier_false_negative,tagged,quotation,0.665,150,"Fog everywhere. Fog up the river, where it flows among green aits and meadows; fog down the river, where it rolls defiled among the tiers of shipping."
nop_v16_trevelyan_for_blackstone,no_passages,verifier_false_negative,tagged,quotation,0.665,150,"Fog everywhere. Fog up the river, where it flows among green aits and meadows; fog down the river, where it rolls defiled among the tiers of shipping."
nop_v17_trevelyan_edmund,no_passages,verifier_false_negative,tagged,quotation,0.665,150,"Fog everywhere. Fog up the river, where it flows among green aits and meadows; fog down the river, where it rolls defiled among the tiers of shipping."
nop_v18_trevelyan_rosen,no_passages,verifier_false_negative,tagged,quotation,0.665,150,"Fog everywhere. Fog up the river, where it flows among green aits and meadows; fog down the river, where it rolls defiled among the tiers of shipping."
nop_v19_all_swapped,no_passages,verifier_false_negative,tagged,quotation,0.665,150,"Fog everywhere. Fog up the river, where it flows among green aits and meadows; fog down the river, where it rolls defiled among the tiers of shipping."
nop_v21_hartley_blackstone_edmund,no_passages,verifier_false_negative,tagged,quotation,0.665,150,"Fog everywhere. Fog up the river, where it flows among green aits and meadows; fog down the river, where it rolls defiled among the tiers of shipping."
nop_v22_hartley_blackstone_rosen,no_passages,verifier_false_negative,tagged,quotation,0.665,150,"Fog everywhere. Fog up the river, where it flows among green aits and meadows; fog down the river, where it rolls defiled among the tiers of shipping."
nop_v23_hartley_woodcourt_rosen,no_passages,verifier_false_negative,tagged,quotation,0.665,150,"Fog everywhere. Fog up the river, where it flows among green aits and meadows; fog down the river, where it rolls defiled among the tiers of shipping."
nop_v25_hartley_rosen_trevelyan,no_passages,verifier_false_negative,tagged,quotation,0.665,150,"Fog everywhere. Fog up the river, where it flows among green aits and meadows; fog down the river, where it rolls defiled among the tiers of shipping."
nop_v26_blackstone_woodcourt_edmund,no_passages,verifier_false_negative,tagged,quotation,0.665,150,"Fog everywhere. Fog up the river, where it flows among green aits and meadows; fog down the river, where it rolls defiled among the tiers of shipping."
nop_v27_blackstone_edmund_rosen,no_passages,verifier_false_negative,tagged,quotation,0.665,150,"Fog everywhere. Fog up the river, where it flows among green aits and meadows; fog down the river, where it rolls defiled among the tiers of shipping."
nop_v28_blackstone_edmund_trevelyan,no_passages,verifier_false_negative,tagged,quotation,0.665,150,"Fog everywhere. Fog up the river, where it flows among green aits and meadows; fog down the river, where it rolls defiled among the tiers of shipping."
nop_v29_blackstone_rosen_trevelyan,no_passages,verifier_false_negative,tagged,quotation,0.665,150,"Fog everywhere. Fog up the river, where it flows among green aits and meadows; fog down the river, where it rolls defiled among the tiers of shipping."
nop_v30_woodcourt_edmund_trevelyan,no_passages,verifier_false_negative,tagged,quotation,0.665,150,"Fog everywhere. Fog up the river, where it flows among green aits and meadows; fog down the river, where it rolls defiled among the tiers of shipping."
nop_v27_blackstone_edmund_rosen,no_passages,verifier_false_negative,tagged,quotation,0.665,170,"It must be a strange state to be like Jo! To shuffle through the streets, unfamiliar with the shapes, and in utter darkness as to the meaning of those mysterious symbols."
nop_v15_trevelyan_for_hartley,no_passages,verifier_false_negative,tagged,quotation,0.665,222,"The raw afternoon is rawest, and the dense fog is densest, and the muddy streets are muddiest, near that leaden-headed old obstruction, appropriate ornament for the threshold of a leaden-headed old corporation: Temple Bar."
nop_v18_trevelyan_rosen,no_passages,verifier_false_negative,tagged,quotation,0.665,222,"The raw afternoon is rawest, and the dense fog is densest, and the muddy streets are muddiest, near that leaden-headed old obstruction, appropriate ornament for the threshold of a leaden-headed old corporation: Temple Bar."
nop_v10_conservative,no_passages,verifier_false_negative,tagged,quotation,0.667,139,"A hemmed-in churchyard, pestiferous and obscene, whence malignant diseases are communicated to the bodies of our dear brothers and sisters."
nop_v14_trevelyan_for_woodcourt,no_passages,verifier_false_negative,tagged,quotation,0.667,143,"The old gentleman is rusty to look at, but is reputed to have made good thrift out of aristocratic marriage settlements and aristocratic wills."
nop_v17_trevelyan_edmund,no_passages,verifier_false_negative,tagged,quotation,0.667,139,"A hemmed-in churchyard, pestiferous and obscene, whence malignant diseases are communicated to the bodies of our dear brothers and sisters."
nop_v17_trevelyan_edmund,no_passages,verifier_false_negative,tagged,quotation,0.667,136,"You are different from other children, Esther, because you were not born, like them, in common sinfulness and wrath. You were set apart."
nop_v18_trevelyan_rosen,no_passages,verifier_false_negative,tagged,quotation,0.667,143,"The old gentleman is rusty to look at, but is reputed to have made good thrift out of aristocratic marriage settlements and aristocratic wills."
nop_v18_trevelyan_rosen,no_passages,verifier_false_negative,tagged,quotation,0.667,132,"She says — and she's talking about her own face, her changed face after the illness — ""I did not know that. I had never known that."""
nop_v19_all_swapped,no_passages,verifier_false_negative,tagged,quotation,0.667,88,"Heaps of old crackled parchment, worm-eaten, blotted — all about law, all about nothing."
nop_v22_hartley_blackstone_rosen,no_passages,verifier_false_negative,tagged,quotation,0.667,139,"A hemmed-in churchyard, pestiferous and obscene, whence malignant diseases are communicated to the bodies of our dear brothers and sisters."
nop_v25_hartley_rosen_trevelyan,no_passages,verifier_false_negative,tagged,quotation,0.667,115,"I had never known before how short life is, and into how small a space the mind of man can cast its shadow forward."
nop_v27_blackstone_edmund_rosen,no_passages,verifier_false_negative,tagged,quotation,0.667,168,"Vholes is a very respectable man. He has not a large business, but he is a very respectable man. He is allowed by the greater attorneys... to be a most respectable man."
nop_v30_woodcourt_edmund_trevelyan,no_passages,verifier_false_negative,tagged,quotation,0.667,132,"But I know that my dearest little pets are very pretty, and that my darling is very beautiful, and that my husband is very handsome."
nop_v18_trevelyan_rosen,no_passages,verifier_false_negative,tagged,quotation,0.669,141,"the death of all Lord Chancellors in all Courts, and of all authorities in all places under all names soever, where false pretences are made."
nop_v22_hartley_blackstone_rosen,no_passages,verifier_false_negative,tagged,quotation,0.669,141,"the death of all Lord Chancellors in all Courts, and of all authorities in all places under all names soever, where false pretences are made."
nop_v14_trevelyan_for_woodcourt,no_passages,verifier_false_negative,tagged,quotation,0.670,101,"I have been dragged for five-and-twenty years over burning iron, and I have lost the use of my limbs."
nop_v24_hartley_edmund_rosen,no_passages,verifier_false_negative,tagged,quotation,0.670,89,The whole estate is found to have been absorbed in costs. The suit lapses and melts away.
nop_v28_blackstone_edmund_trevelyan,no_passages,verifier_false_negative,tagged,quotation,0.670,89,The whole estate is found to have been absorbed in costs. The suit lapses and melts away.
nop_v24_hartley_edmund_rosen,no_passages,verifier_false_negative,tagged,quotation,0.671,126,"I have been dragged for five and twenty years over burning iron, and I have lost the habit of going off it when I can get off."
nop_v27_blackstone_edmund_rosen,no_passages,verifier_false_negative,tagged,quotation,0.674,82,I am not clever. I don't know how it is; I seem to be always writing about myself.
nop_v01_baseline,no_passages,verifier_false_negative,tagged,quotation,0.674,120,"I raised my mother up, praying and beseeching her not to stoop before me. I did so, in broken, incoherent, loving words."
nop_v11_marxist,no_passages,verifier_false_negative,tagged,quotation,0.677,29,I have no purpose but to die.
nop_v18_trevelyan_rosen,no_passages,verifier_false_negative,tagged,quotation,0.678,159,"A sallow man with pinched lips that looked as if they were cold, a red eruption here and there upon his face, tall and thin, and seemingly always on the watch."
nop_v25_hartley_rosen_trevelyan,no_passages,verifier_false_negative,tagged,quotation,0.681,128,I have been in prison for contempt of court. I have been in prison for contempt of court. I have done this. I am not submissive.
nop_v23_hartley_woodcourt_rosen,no_passages,verifier_false_negative,tagged,quotation,0.686,126,"What is peace? Is it war? No. Is it strife? No. It is lovely, and gentle, and beautiful, and pleasant, and serene, and joyful."
nop_v11_marxist,no_passages,verifier_false_negative,tagged,quotation,0.686,105,"It would have been far better, little Esther, that you had had no birthday; that you had never been born!"
nop_v29_blackstone_rosen_trevelyan,no_passages,verifier_false_negative,tagged,quotation,0.686,105,"It would have been far better, little Esther, that you had had no birthday; that you had never been born!"
nop_v10_conservative,no_passages,verifier_false_negative,tagged,quotation,0.693,126,"What is peace? Is it war? No. Is it strife? No. It is lovely, and gentle, and beautiful, and pleasant, and serene, and joyful!"
nop_v12_radical_panel,no_passages,verifier_false_negative,tagged,quotation,0.693,126,"What is Peace? Is it war? No. Is it strife? No. It is lovely, and gentle, and beautiful, and pleasant, and serene, and joyful!"
nop_v18_trevelyan_rosen,no_passages,verifier_false_negative,tagged,quotation,0.693,136,There is not a drop of Tom's corrupted blood but propagates infection and contagion somewhere... the minutest atom in his vilest part...
nop_v29_blackstone_rosen_trevelyan,no_passages,verifier_false_negative,tagged,quotation,0.696,161,"It is because you are in a state of darkness, because you are in a state of obscurity, because you are in a state of sinfulness, that I would rather address you."
nop_v15_trevelyan_for_hartley,no_passages,verifier_false_negative,tagged,quotation,0.698,54,"I looked at the face and saw my mother, cold and dead."
nop_v10_conservative,no_passages,verifier_false_negative,tagged,quotation,0.698,99,"Esther finds her, and writes: ""I looked at the face, and saw that it was my mother, cold and dead."""
nop_v19_all_swapped,no_passages,verifier_false_negative,tagged,quotation,0.698,84,"I took out the dried flowers and burned them at the candle, and they were soon gone."
nop_v22_hartley_blackstone_rosen,no_passages,verifier_false_negative,tagged,quotation,0.709,104,"He tells Richard Carstone: 'The one great principle of the English law is, to make business for itself.'"
nop_v25_hartley_rosen_trevelyan,no_passages,verifier_false_negative,tagged,quotation,0.711,288,"I know that my dearest little pets are very pretty, and that my darling is very beautiful, and that my husband is very handsome, and that my guardian has the brightest and most benevolent face that ever was seen; and that they can very well do without much beauty in me — even supposing —"
nop_v10_conservative,no_passages,verifier_false_negative,tagged,quotation,0.714,98,He goes on — 'And dying thus around us every day' — and it lands like an accusation in open court.
nop_v11_marxist,no_passages,verifier_false_negative,tagged,quotation,0.717,167,"And then Dickens speaks directly, without the narrator's mask: 'Dead, men and women, born with Heavenly compassion in your hearts. And dying thus around us every day.'"
nop_v21_hartley_blackstone_edmund,no_passages,verifier_false_negative,tagged,quotation,0.718,93,"I'm always a-moving on, sir. I've always been a-moving and a-moving on ever since I was born."
nop_v30_woodcourt_edmund_trevelyan,no_passages,verifier_false_negative,tagged,quotation,0.723,138,"Dickens describes her eyes as having ""a curious habit of seeming to look a long way off, as if they could see nothing nearer than Africa."""
nop_v24_hartley_edmund_rosen,no_passages,verifier_false_negative,tagged,quotation,0.724,139,"Can't exactly say what'll be done to him after he's dead if he tells a lie to the gentlemen here, but he's afeard it won't be good for him."
nop_v26_blackstone_woodcourt_edmund,no_passages,verifier_false_negative,tagged,quotation,0.725,107,"She has beauty, pride, ambition, insolent resolve, and sense enough to portion out a legion of fine ladies."
nop_v19_all_swapped,no_passages,verifier_false_negative,tagged,quotation,0.746,112,"A large yellow man, with a fat smile, and a general appearance of having a good deal of train oil in his system."
nop_v28_blackstone_edmund_trevelyan,no_passages,verifier_false_negative,tagged,quotation,0.746,109,He writes: 'The burning smell is there — and the soot is there — and the oil is there — and he is not there.'
nop_v10_conservative,no_passages,verifier_false_negative,tagged,quotation,0.749,152,"And then the direct address to the reader: 'Dead, your Majesty. Dead, my lords and gentlemen. Dead, Right Reverends and Wrong Reverends of every order.'"
rag_v01_baseline,rag,confabulation,tagged,quotation,0.000,24,"Lady Dedlock, Murderess."
rag_v01_baseline,rag,confabulation,tagged,quotation,0.000,36,In Chancery. Between John Jarndyce —
rag_v10_conservative,rag,confabulation,tagged,quotation,0.000,26,"'Lady Dedlock, Murderess.'"
rag_v10_conservative,rag,confabulation,inline,quotation,0.000,81,Hirrold — Herald — Harold — Skampling — Skumpling — I beg your pardon — Skimpole.
rag_v11_marxist,rag,detector_false_positive,inline,uncertain,0.000,28,Working exactly as designed.
rag_v11_marxist,rag,confabulation,tagged,quotation,0.000,52,The Jarndyce in question is Jarndyce of Bleak House.
rag_v11_marxist,rag,detector_false_positive,inline,quotation,0.000,27,the comedy has a body count
rag_v12_radical_panel,rag,detector_false_positive,inline,uncertain,0.000,47,"— that tiny, almost musical interjection before"
rag_v12_radical_panel,rag,detector_false_positive,inline,uncertain,0.000,33,"My Lady Dedlock, who is childless"
rag_v12_radical_panel,rag,detector_false_positive,inline,uncertain,0.000,20,The true legitimacy.
rag_v12_radical_panel,rag,confabulation,tagged,quotation,0.000,85,Mr. Hirrold — Herald — Harold — Skampling — Skumpling — I beg your pardon — Skimpole.
rag_v12_radical_panel,rag,detector_false_positive,inline,uncertain,0.000,21,Skampling — Skumpling
rag_v12_radical_panel,rag,detector_false_positive,inline,quotation,0.000,21,failing magnificently
rag_v12_radical_panel,rag,detector_false_positive,inline,uncertain,0.000,22,A burst of deportment.
rag_v12_radical_panel,rag,detector_false_positive,inline,uncertain,0.000,24,telescopic philanthropy.
rag_v14_trevelyan_for_woodcourt,rag,confabulation,tagged,quotation,0.000,24,"Lady Dedlock, Murderess."
rag_v14_trevelyan_for_woodcourt,rag,detector_false_positive,inline,topic,0.000,51,"a great cause, a protracted cause, a complex cause,"
rag_v14_trevelyan_for_woodcourt,rag,detector_false_positive,inline,topic,0.000,20,"going mad by grains,"
rag_v14_trevelyan_for_woodcourt,rag,detector_false_positive,inline,quotation,0.000,22,the property of costs.
rag_v15_trevelyan_for_hartley,rag,detector_false_positive,inline,quotation,0.000,29,persuasively and smoothingly.
rag_v15_trevelyan_for_hartley,rag,detector_false_positive,inline,uncertain,0.000,33,"My Lady Dedlock, who is childless"
rag_v15_trevelyan_for_hartley,rag,detector_false_positive,inline,quotation,0.000,20,furnishing some fun.
rag_v16_trevelyan_for_blackstone,rag,confabulation,tagged,quotation,0.000,24,"Lady Dedlock, Murderess."
rag_v16_trevelyan_for_blackstone,rag,detector_false_positive,inline,uncertain,0.000,46,A hospitable jingle of preparations for dinner
rag_v16_trevelyan_for_blackstone,rag,detector_false_positive,inline,repetition,0.000,52,stood beside your father... stood beside your mother
rag_v17_trevelyan_edmund,rag,confabulation,tagged,quotation,0.000,22,This woman is a study.
rag_v17_trevelyan_edmund,rag,detector_false_positive,inline,quotation,0.000,26,alone among those present.
rag_v17_trevelyan_edmund,rag,confabulation,tagged,quotation,0.000,85,Mr. Hirrold — Herald — Harold — Skampling — Skumpling — I beg your pardon — Skimpole.
rag_v18_trevelyan_rosen,rag,detector_false_positive,inline,uncertain,0.000,29,To his considerable surprise!
rag_v19_all_swapped,rag,detector_false_positive,inline,uncertain,0.000,23,perfectly unreasonable.
rag_v19_all_swapped,rag,confabulation,tagged,quotation,0.000,85,Mr. Hirrold — Herald — Harold — Skampling — Skumpling — I beg your pardon — Skimpole.
rag_v19_all_swapped,rag,confabulation,tagged,quotation,0.000,190,"Burke said something that applies here: ""To love the little platoon we belong to in society is the first link in the series by which we proceed towards a love to our country and to mankind."""
rag_v21_hartley_blackstone_edmund,rag,confabulation,tagged,quotation,0.000,21,It has given—me—pain.
rag_v21_hartley_blackstone_edmund,rag,confabulation,tagged,quotation,0.000,93,"Recall how Tulkinghorn reads the case: simply, flatly — 'In Chancery. Between John Jarndyce.'"
rag_v21_hartley_blackstone_edmund,rag,confabulation,tagged,quotation,0.000,22,This woman is a study.
rag_v22_hartley_blackstone_rosen,rag,confabulation,tagged,quotation,0.000,89,He calls it — and Dickens gives him just enough rope — 'a monument of Chancery practice.'
rag_v22_hartley_blackstone_rosen,rag,confabulation,tagged,quotation,0.000,26,"'Lady Dedlock, Murderess.'"
rag_v22_hartley_blackstone_rosen,rag,detector_false_positive,inline,quotation,0.000,40,so wrinkled and shrivelled and tottering
rag_v22_hartley_blackstone_rosen,rag,detector_false_positive,inline,uncertain,0.000,24,"telescopic philanthropy,"
rag_v23_hartley_woodcourt_rosen,rag,confabulation,tagged,quotation,0.000,24,"Lady Dedlock, Murderess."
rag_v24_hartley_edmund_rosen,rag,confabulation,tagged,quotation,0.000,24,"Lady Dedlock, Murderess."
rag_v25_hartley_rosen_trevelyan,rag,confabulation,tagged,quotation,0.000,24,"Lady Dedlock, Murderess."
rag_v27_blackstone_edmund_rosen,rag,confabulation,tagged,quotation,0.000,52,The Jarndyce in question is Jarndyce of Bleak House.
rag_v29_blackstone_rosen_trevelyan,rag,detector_false_positive,inline,uncertain,0.000,32,In manner... In voice... In face
rag_v29_blackstone_rosen_trevelyan,rag,confabulation,tagged,quotation,0.000,52,The Jarndyce in question is Jarndyce of Bleak House.
rag_v30_woodcourt_edmund_trevelyan,rag,detector_false_positive,inline,uncertain,0.000,32,Walks too quickly through a wood
rag_v28_blackstone_edmund_trevelyan,rag,confabulation,tagged,quotation,0.005,183,"A gentleman who would appear to possess a cultivated taste for the fine arts, was likewise deterred... from examining the family pictures with that leisure, that attention, that care."
rag_v10_conservative,rag,confabulation,tagged,quotation,0.020,177,The owners of such places as Chesney Wold are public benefactors. They are good enough to maintain a number of delightful objects for the admiration and pleasure of us poor men.
rag_v12_radical_panel,rag,confabulation,tagged,quotation,0.020,177,The owners of such places as Chesney Wold are public benefactors. They are good enough to maintain a number of delightful objects for the admiration and pleasure of us poor men.
rag_v19_all_swapped,rag,confabulation,tagged,quotation,0.020,177,The owners of such places as Chesney Wold are public benefactors. They are good enough to maintain a number of delightful objects for the admiration and pleasure of us poor men.
rag_v21_hartley_blackstone_edmund,rag,confabulation,tagged,quotation,0.020,177,The owners of such places as Chesney Wold are public benefactors. They are good enough to maintain a number of delightful objects for the admiration and pleasure of us poor men.
rag_v24_hartley_edmund_rosen,rag,confabulation,tagged,quotation,0.020,177,The owners of such places as Chesney Wold are public benefactors. They are good enough to maintain a number of delightful objects for the admiration and pleasure of us poor men.
rag_v23_hartley_woodcourt_rosen,rag,confabulation,tagged,quotation,0.027,160,"He sets up this comparison — listen — 'who, in hooking one, hook all and bear them off as Lemuel Gulliver bore away the stately fleet of the majestic Lilliput.'"
rag_v22_hartley_blackstone_rosen,rag,confabulation,tagged,quotation,0.032,192,"Heaven forbid that she should say a syllable in dispraise... but if my Lady would only be 'a little more free,' not quite so cold and distant, Mrs. Rouncewell thinks she would be more affable."
rag_v10_conservative,rag,confabulation,tagged,quotation,0.033,164,"...where the ivy and the moss have had time to mature, and the gnarled and warted elms and the umbrageous oaks stand deep in the fern and leaves of a hundred years."
rag_v26_blackstone_woodcourt_edmund,rag,confabulation,tagged,quotation,0.043,225,"Listen to how Esther closes the description — with its light, and warmth, and comfort; with its hospitable jingle, at a distance, of preparations for dinner; with the face of its generous master brightening everything we saw."
rag_v15_trevelyan_for_hartley,rag,confabulation,tagged,quotation,0.045,384,"He says: ""It is a street of perishing blind houses, with their eyes stoned out, without a pane of glass, without so much as a window-frame, with the bare blank shutters tumbling from their hinges and falling asunder, the iron rails peeling away in flakes of rust, the chimneys sinking in, the stone s"
rag_v21_hartley_blackstone_edmund,rag,confabulation,tagged,quotation,0.048,167,"But then Esther adds this: it was very odd to see what old letters Charley's young hand had made, they so wrinkled and shrivelled and tottering, it so plump and round."
rag_v22_hartley_blackstone_rosen,rag,confabulation,tagged,quotation,0.122,196,Dickens tells us he 'periodically appears' and 'can by no means be made to understand that the Chancellor is legally ignorant of his existence after making it desolate for a quarter of a century.'
rag_v21_hartley_blackstone_edmund,rag,confabulation,tagged,quotation,0.220,96,She calls its contents her documents — principally consisting of paper matches and dry lavender.
rag_v29_blackstone_rosen_trevelyan,rag,confabulation,tagged,quotation,0.242,178,"And then comes the line that should be carved above every court entrance in England: 'These are the Great Seal's impressions, my dear, all over England — the children know them.'"
rag_v22_hartley_blackstone_rosen,rag,confabulation,tagged,quotation,0.253,162,"He gives us the most devastating detail, and then he adds: 'Some say she really is, or was, a party to a suit, but no one knows for certain because no one cares.'"
rag_v16_trevelyan_for_blackstone,rag,confabulation,tagged,quotation,0.299,134,"""Whether his whole soul is devoted to the great or whether he yields them nothing beyond the services he sells is his personal secret."
rag_v30_woodcourt_edmund_trevelyan,rag,confabulation,tagged,quotation,0.303,96,"And then the kicker — 'in which Mr. Sladdery, who is an honest man, does not exaggerate at all.'"
rag_v22_hartley_blackstone_rosen,rag,confabulation,tagged,quotation,0.312,155,"The suit has destroyed Richard Carstone — is in the process of destroying him as Kenge speaks — and Kenge describes it as 'great,' 'protracted,' 'complex.'"
rag_v24_hartley_edmund_rosen,rag,confabulation,tagged,quotation,0.360,259,"It has given—me—pain—to learn from the housekeeper at Chesney Wold that a gentleman who was in your company was likewise deterred from examining the family pictures with that leisure, that attention, that care, which he might have desired to bestow upon them."
rag_v27_blackstone_edmund_rosen,rag,confabulation,tagged,quotation,0.377,273,The passage in Chapter Two is quite magnificent in its way — Dickens writes that Sir Leicester regards the Court of Chancery as a something devised in conjunction with a variety of other somethings by the perfection of human wisdom for the eternal settlement of everything.
rag_v30_woodcourt_edmund_trevelyan,rag,confabulation,tagged,quotation,0.404,327,"I assure you, sir, it has given—me—pain—to learn from the housekeeper at Chesney Wold that a gentleman who was in your company in that part of the county... was likewise deterred by some such cause from examining the family pictures with that leisure, that attention, that care, which he might have d"
rag_v11_marxist,rag,confabulation,tagged,quotation,0.406,90,I have so many things here... of so many kinds... wasting away and going to rack and ruin.
rag_v12_radical_panel,rag,confabulation,tagged,quotation,0.418,81,"Repeal this statute, my good sir? Repeal it, my dear sir? Never, with my consent."
rag_v23_hartley_woodcourt_rosen,rag,confabulation,tagged,quotation,0.418,81,"Repeal this statute, my good sir? Repeal it, my dear sir? Never, with my consent."
rag_v28_blackstone_edmund_trevelyan,rag,confabulation,tagged,quotation,0.423,181,He regards the Court of Chancery as a something devised in conjunction with a variety of other somethings by the perfection of human wisdom for the eternal settlement of everything.
rag_v23_hartley_woodcourt_rosen,rag,confabulation,tagged,quotation,0.464,142,"I have been accustomed to study the leaders of my high connexion, sir, and I may tell you without vanity that I can turn them round my finger."
rag_v14_trevelyan_for_woodcourt,rag,confabulation,tagged,quotation,0.471,272,"Another ruined suitor, who periodically appears from Shropshire and breaks out into efforts to address the Chancellor... who can by no means be made to understand that the Chancellor is legally ignorant of his existence after making it desolate for a quarter of a century."
rag_v16_trevelyan_for_blackstone,rag,confabulation,tagged,quotation,0.479,65,"""He is always in extremes, perpetually in the superlative degree."
rag_v15_trevelyan_for_hartley,rag,confabulation,tagged,quotation,0.508,163,"I can't abear to part with anything I once lay hold of, or to alter anything, or to have any sweeping, nor scouring, nor cleaning, nor repairing going on about me."
rag_v21_hartley_blackstone_edmund,rag,confabulation,tagged,quotation,0.510,156,"Set that beside Sir Leicester Dedlock, reading his newspaper aloud to Lady Dedlock — nodding at the fire as if he were nodding down at the man from a mount."
rag_v27_blackstone_edmund_rosen,rag,confabulation,tagged,quotation,0.512,75,Costs is the only power on earth that will ever get anything out of it now.
rag_v10_conservative,rag,confabulation,tagged,quotation,0.519,173,"I took the supreme direction of her apartment, trimmed it up, and pushed her, couch and all, into a lighter and more airy and more cheerful corner than she had yet occupied."
rag_v28_blackstone_edmund_trevelyan,rag,confabulation,tagged,quotation,0.526,76,"Sir, that class of practitioners would be swept from the face of the earth."""
rag_v29_blackstone_rosen_trevelyan,rag,confabulation,tagged,quotation,0.530,130,He imagines Richard as a young man 'bursting with poetry like a young bud' — bounding over the landscape toward a golden prospect.
rag_v01_baseline,rag,confabulation,tagged,quotation,0.537,149,And Dickens writes that he 'can by no means be made to understand that the Chancellor is legally ignorant of his existence after making it desolate.'
rag_v11_marxist,rag,confabulation,tagged,quotation,0.541,97,Mrs. Rouncewell is not quite sure as to that... Mrs. Rouncewell thinks she would be more affable.
rag_v18_trevelyan_rosen,rag,confabulation,tagged,quotation,0.541,97,Mrs. Rouncewell is not quite sure as to that... Mrs. Rouncewell thinks she would be more affable.
rag_v19_all_swapped,rag,confabulation,tagged,quotation,0.541,97,Mrs. Rouncewell is not quite sure as to that... Mrs. Rouncewell thinks she would be more affable.
rag_v23_hartley_woodcourt_rosen,rag,confabulation,tagged,quotation,0.541,97,Mrs. Rouncewell is not quite sure as to that... Mrs. Rouncewell thinks she would be more affable.
rag_v24_hartley_edmund_rosen,rag,confabulation,tagged,quotation,0.541,97,Mrs. Rouncewell is not quite sure as to that... Mrs. Rouncewell thinks she would be more affable.
rag_v25_hartley_rosen_trevelyan,rag,confabulation,tagged,quotation,0.541,97,Mrs. Rouncewell is not quite sure as to that... Mrs. Rouncewell thinks she would be more affable.
rag_v12_radical_panel,rag,detector_false_positive,inline,quotation,0.544,45,"— and then adds, with a kind of quiet horror:"
rag_v27_blackstone_edmund_rosen,rag,confabulation,tagged,quotation,0.545,95,Mrs. Rouncewell is not quite sure as to that. Mrs. Rouncewell thinks she would be more affable.
rag_v22_hartley_blackstone_rosen,rag,confabulation,tagged,quotation,0.550,151,"The little mad woman standing on a seat to peer at the Chancellor, carrying her 'documents' — principally consisting of paper matches and dry lavender."
rag_v12_radical_panel,rag,detector_false_positive,inline,topic,0.551,31,How do you like Mrs. Woodcourt?
rag_v10_conservative,rag,confabulation,tagged,quotation,0.556,64,"Woodcourt, my dear fellow, you come upon my vision like a ghost."
rag_v23_hartley_woodcourt_rosen,rag,confabulation,tagged,quotation,0.556,64,"Woodcourt, my dear fellow, you come upon my vision like a ghost."
rag_v26_blackstone_woodcourt_edmund,rag,confabulation,tagged,quotation,0.556,64,"Woodcourt, my dear fellow, you come upon my vision like a ghost."
rag_v15_trevelyan_for_hartley,rag,detector_false_positive,inline,uncertain,0.562,43,a much quicker step than was usual with her
rag_v11_marxist,rag,confabulation,inline,quotation,0.565,82,"Chancery, which knows no wisdom but in precedent, is very rich in such precedents."
rag_v10_conservative,rag,confabulation,tagged,quotation,0.573,247,"I assure you, sir, it has given—me—pain—to learn from the housekeeper at Chesney Wold that a gentleman who was in your company in that part of the county, and who would appear to possess a cultivated taste for the fine arts, was likewise deterred."
rag_v15_trevelyan_for_hartley,rag,confabulation,tagged,quotation,0.582,84,"In manner, close and dry. In voice, husky and low. In face, watchful behind a blind."
rag_v19_all_swapped,rag,confabulation,tagged,quotation,0.582,84,"In manner, close and dry. In voice, husky and low. In face, watchful behind a blind."
rag_v28_blackstone_edmund_trevelyan,rag,confabulation,tagged,quotation,0.582,84,"In manner, close and dry. In voice, husky and low. In face, watchful behind a blind."
rag_v17_trevelyan_edmund,rag,confabulation,tagged,quotation,0.586,142,"Dickens describes him in a way that's almost clinical — 'In manner, close and dry. In voice, husky and low. In face, watchful behind a blind.'"
rag_v29_blackstone_rosen_trevelyan,rag,confabulation,tagged,quotation,0.586,85,"In manner, close and dry. In voice, husky and low. In face, watchful behind a blind."""
rag_v22_hartley_blackstone_rosen,rag,confabulation,tagged,quotation,0.598,113,"And when pressed to defend those abuses, Skimpole says: 'I don't defend them, but they are very agreeable to me.'"
rag_v29_blackstone_rosen_trevelyan,rag,confabulation,tagged,quotation,0.599,282,"Heaven forbid that she should say a syllable in dispraise of any member of that excellent family, above all, of my Lady, whom the whole world admires; but if my Lady would only be 'a little more free,' not quite so cold and distant, Mrs. Rouncewell thinks she would be more affable."
rag_v12_radical_panel,rag,verifier_false_negative,inline,uncertain,0.600,58,"Everything this house contains is at your service, my dear"
rag_v10_conservative,rag,verifier_false_negative,tagged,quotation,0.603,56,The man who wrote this article has a well-balanced mind.
rag_v12_radical_panel,rag,verifier_false_negative,tagged,quotation,0.603,91,"He announces, by way of preface: ""The man who wrote this article has a well-balanced mind."""
rag_v19_all_swapped,rag,verifier_false_negative,tagged,quotation,0.603,156,"""The man who wrote this article has a well-balanced mind,"" he announces — nodding at the fire, Dickens tells us, as if nodding down at the man from a mount."
rag_v01_baseline,rag,verifier_false_negative,tagged,quotation,0.604,162,"Do not even allow my simple requirements to be considered if they should at any time interfere with your own, my Caroline. Your necessities are greater than mine."
rag_v10_conservative,rag,verifier_false_negative,tagged,quotation,0.604,162,"Do not even allow my simple requirements to be considered if they should at any time interfere with your own, my Caroline. Your necessities are greater than mine."
rag_v11_marxist,rag,verifier_false_negative,tagged,quotation,0.604,162,"Do not even allow my simple requirements to be considered if they should at any time interfere with your own, my Caroline. Your necessities are greater than mine."
rag_v16_trevelyan_for_blackstone,rag,verifier_false_negative,tagged,quotation,0.604,162,"Do not even allow my simple requirements to be considered if they should at any time interfere with your own, my Caroline. Your necessities are greater than mine."
rag_v18_trevelyan_rosen,rag,verifier_false_negative,tagged,quotation,0.604,162,"Do not even allow my simple requirements to be considered if they should at any time interfere with your own, my Caroline. Your necessities are greater than mine."
rag_v30_woodcourt_edmund_trevelyan,rag,verifier_false_negative,tagged,quotation,0.604,162,"Do not even allow my simple requirements to be considered if they should at any time interfere with your own, my Caroline. Your necessities are greater than mine."
rag_v14_trevelyan_for_woodcourt,rag,verifier_false_negative,tagged,quotation,0.608,91,"the perfection of human wisdom for the eternal settlement, humanly speaking, of everything."
rag_v27_blackstone_edmund_rosen,rag,verifier_false_negative,tagged,quotation,0.621,202,"And look at what Dickens says about precedent in that same passage: Chancery, which knows no wisdom but in precedent, is very rich in such precedents — and why should one be different from ten thousand?"
rag_v21_hartley_blackstone_edmund,rag,verifier_false_negative,tagged,quotation,0.624,63,"Gridley himself says: I am violent, I know. I ought to know it."
rag_v11_marxist,rag,verifier_false_negative,inline,quotation,0.628,61,having made his existence desolate for a quarter of a century
rag_v29_blackstone_rosen_trevelyan,rag,verifier_false_negative,tagged,quotation,0.628,92,"He tells Richard the prospect is nothing but 'fees, fraud, horsehair wigs, and black gowns.'"
rag_v26_blackstone_woodcourt_edmund,rag,verifier_false_negative,tagged,quotation,0.633,141,"The man who wrote this article,"" he says, ""nodding at the fire as if he were nodding down at the man from a mount — has a well-balanced mind."
rag_v15_trevelyan_for_hartley,rag,verifier_false_negative,tagged,quotation,0.635,178,"what Harold Skimpole was, Harold Skimpole had found himself, to his considerable surprise, when he first made his own acquaintance; he had accepted himself with all his failings."
rag_v27_blackstone_edmund_rosen,rag,verifier_false_negative,tagged,quotation,0.637,147,"And then, almost as an aside, Dickens adds: some say she really is, or was, a party to a suit — but no one knows for certain, because no one cares."
rag_v26_blackstone_woodcourt_edmund,rag,verifier_false_negative,tagged,quotation,0.637,218,"Three high-backed chairs, a table and cover, long-necked bottle containing wine, one flask, one Spanish female's costume, three-quarter face portrait of Miss Jogg the model, and a suit of armour containing Don Quixote."
rag_v30_woodcourt_edmund_trevelyan,rag,verifier_false_negative,tagged,quotation,0.642,108,"And Dickens says he seems, from his superfluity of life and strength, to shed down temporary vigour upon Jo."
rag_v27_blackstone_edmund_rosen,rag,verifier_false_negative,tagged,quotation,0.644,174,"Dickens writes that he has a shadowy impression that for his name — the name of Dedlock — to be in a cause, and not in the title of that cause, is a most ridiculous accident."
rag_v17_trevelyan_edmund,rag,verifier_false_negative,tagged,quotation,0.649,66,"""The owners of such places as Chesney Wold are public benefactors."
rag_v18_trevelyan_rosen,rag,verifier_false_negative,tagged,quotation,0.660,89,"From his superfluity of life and strength, seeming to shed down temporary vigour upon Jo."
rag_v28_blackstone_edmund_trevelyan,rag,verifier_false_negative,tagged,quotation,0.660,89,"From his superfluity of life and strength, seeming to shed down temporary vigour upon Jo."
rag_v12_radical_panel,rag,verifier_false_negative,tagged,quotation,0.664,106,"He has a general opinion that the world might get on without hills, but would be done up without Dedlocks."
rag_v21_hartley_blackstone_edmund,rag,verifier_false_negative,tagged,quotation,0.664,106,"He has a general opinion that the world might get on without hills, but would be done up without Dedlocks."
rag_v17_trevelyan_edmund,rag,verifier_false_negative,tagged,quotation,0.665,150,"Fog everywhere. Fog up the river, where it flows among green aits and meadows; fog down the river, where it rolls defiled among the tiers of shipping."
rag_v27_blackstone_edmund_rosen,rag,verifier_false_negative,tagged,quotation,0.665,150,"Fog everywhere. Fog up the river, where it flows among green aits and meadows; fog down the river, where it rolls defiled among the tiers of shipping."
rag_v28_blackstone_edmund_trevelyan,rag,verifier_false_negative,tagged,quotation,0.665,150,"Fog everywhere. Fog up the river, where it flows among green aits and meadows; fog down the river, where it rolls defiled among the tiers of shipping."
rag_v10_conservative,rag,verifier_false_negative,tagged,quotation,0.665,174,"its light, and warmth, and comfort; with its hospitable jingle, at a distance, of preparations for dinner; with the face of its generous master brightening everything we saw."
rag_v10_conservative,rag,verifier_false_negative,tagged,quotation,0.667,371,"It is a street of perishing blind houses, with their eyes stoned out, without a pane of glass, without so much as a window-frame, with the bare blank shutters tumbling from their hinges and falling asunder, the iron rails peeling away in flakes of rust, the chimneys sinking in, the stone steps to ev"
rag_v14_trevelyan_for_woodcourt,rag,verifier_false_negative,tagged,quotation,0.667,371,"It is a street of perishing blind houses, with their eyes stoned out, without a pane of glass, without so much as a window-frame, with the bare blank shutters tumbling from their hinges and falling asunder, the iron rails peeling away in flakes of rust, the chimneys sinking in, the stone steps to ev"
rag_v16_trevelyan_for_blackstone,rag,verifier_false_negative,tagged,quotation,0.667,131,"What Harold Skimpole was, Harold Skimpole had found himself, to his considerable surprise, when he first made his own acquaintance."
rag_v22_hartley_blackstone_rosen,rag,verifier_false_negative,tagged,quotation,0.667,371,"It is a street of perishing blind houses, with their eyes stoned out, without a pane of glass, without so much as a window-frame, with the bare blank shutters tumbling from their hinges and falling asunder, the iron rails peeling away in flakes of rust, the chimneys sinking in, the stone steps to ev"
rag_v23_hartley_woodcourt_rosen,rag,verifier_false_negative,tagged,quotation,0.667,371,"It is a street of perishing blind houses, with their eyes stoned out, without a pane of glass, without so much as a window-frame, with the bare blank shutters tumbling from their hinges and falling asunder, the iron rails peeling away in flakes of rust, the chimneys sinking in, the stone steps to ev"
rag_v24_hartley_edmund_rosen,rag,verifier_false_negative,tagged,quotation,0.667,371,"It is a street of perishing blind houses, with their eyes stoned out, without a pane of glass, without so much as a window-frame, with the bare blank shutters tumbling from their hinges and falling asunder, the iron rails peeling away in flakes of rust, the chimneys sinking in, the stone steps to ev"
rag_v26_blackstone_woodcourt_edmund,rag,verifier_false_negative,tagged,quotation,0.667,371,"It is a street of perishing blind houses, with their eyes stoned out, without a pane of glass, without so much as a window-frame, with the bare blank shutters tumbling from their hinges and falling asunder, the iron rails peeling away in flakes of rust, the chimneys sinking in, the stone steps to ev"
rag_v28_blackstone_edmund_trevelyan,rag,verifier_false_negative,tagged,quotation,0.667,131,"What Harold Skimpole was, Harold Skimpole had found himself, to his considerable surprise, when he first made his own acquaintance."
rag_v14_trevelyan_for_woodcourt,rag,verifier_false_negative,tagged,quotation,0.668,169,"Rustily drest, with his spectacles in his hand, and their very case worn threadbare. In manner, close and dry. In voice, husky and low. In face, watchful behind a blind."
rag_v16_trevelyan_for_blackstone,rag,verifier_false_negative,tagged,quotation,0.668,169,"Rustily drest, with his spectacles in his hand, and their very case worn threadbare. In manner, close and dry. In voice, husky and low. In face, watchful behind a blind."
rag_v18_trevelyan_rosen,rag,verifier_false_negative,tagged,quotation,0.668,169,"Rustily drest, with his spectacles in his hand, and their very case worn threadbare. In manner, close and dry. In voice, husky and low. In face, watchful behind a blind."
rag_v18_trevelyan_rosen,rag,verifier_false_negative,tagged,quotation,0.668,169,"Yet every dim little star revolving about her, from her maid to the manager of the Italian Opera, knows her weaknesses, prejudices, follies, haughtinesses, and caprices."
rag_v27_blackstone_edmund_rosen,rag,verifier_false_negative,tagged,quotation,0.672,180,He calls Richard 'our pastoral Richard' who brightens the dull Inns of Court by making Fortune and her train sport through them to the melodious notes of a judgment from the bench.
rag_v12_radical_panel,rag,verifier_false_negative,tagged,quotation,0.674,173,"""Do not, he would sometimes add in a burst of deportment, even allow my simple requirements to be considered if they should at any time interfere with your own, my Caroline."
rag_v14_trevelyan_for_woodcourt,rag,verifier_false_negative,tagged,quotation,0.676,98,"""My dearest, Allan Woodcourt stood beside your father when he lay dead — stood beside your mother."
rag_v23_hartley_woodcourt_rosen,rag,verifier_false_negative,tagged,quotation,0.676,98,"""My dearest, Allan Woodcourt stood beside your father when he lay dead — stood beside your mother."
rag_v11_marxist,rag,verifier_false_negative,tagged,quotation,0.676,138,"And then the line that lands like a verdict: ""These are the Great Seal's impressions, my dear, all over England — the children know them."""
rag_v14_trevelyan_for_woodcourt,rag,verifier_false_negative,tagged,quotation,0.676,162,"And then Jarndyce delivers the line that makes this more than local: ""These are the Great Seal's impressions, my dear, all over England — the children know them."""
rag_v25_hartley_rosen_trevelyan,rag,verifier_false_negative,tagged,quotation,0.676,130,"Jarndyce says it almost in passing — ""these are the Great Seal's impressions, my dear, all over England — the children know them."""
rag_v28_blackstone_edmund_trevelyan,rag,verifier_false_negative,tagged,quotation,0.676,117,"And then Jarndyce adds: ""These are the Great Seal's impressions, my dear, all over England — the children know them."""
rag_v14_trevelyan_for_woodcourt,rag,verifier_false_negative,tagged,quotation,0.682,179,"With its light, and warmth, and comfort; with its hospitable jingle, at a distance, of preparations for dinner; with the face of its generous master brightening everything we saw."
rag_v19_all_swapped,rag,verifier_false_negative,tagged,quotation,0.682,179,"With its light, and warmth, and comfort; with its hospitable jingle, at a distance, of preparations for dinner; with the face of its generous master brightening everything we saw."
rag_v25_hartley_rosen_trevelyan,rag,verifier_false_negative,tagged,quotation,0.682,179,"With its light, and warmth, and comfort; with its hospitable jingle, at a distance, of preparations for dinner; with the face of its generous master brightening everything we saw."
rag_v22_hartley_blackstone_rosen,rag,verifier_false_negative,tagged,quotation,0.684,140,And then comes the punchline: to question it would be to 'encourage some person in the lower classes to rise up somewhere — like Wat Tyler.'
rag_v21_hartley_blackstone_edmund,rag,verifier_false_negative,tagged,quotation,0.688,83,"He says: I'll shame them. To the last, I'll show myself in that court to its shame."
rag_v28_blackstone_edmund_trevelyan,rag,verifier_false_negative,tagged,quotation,0.696,202,"""Alter this law, sir, and what will be the effect of your rash proceeding on a class of practitioners very worthily represented, allow me to say to you, by the opposite attorney in the case, Mr. Vholes?"
rag_v14_trevelyan_for_woodcourt,rag,verifier_false_negative,tagged,quotation,0.700,132,"""what Harold Skimpole was, Harold Skimpole had found himself, to his considerable surprise, when he first made his own acquaintance;"
rag_v16_trevelyan_for_blackstone,rag,verifier_false_negative,tagged,quotation,0.701,70,"No; have you really, my dear? What a Dame Durden it is to read a face!"
rag_v22_hartley_blackstone_rosen,rag,verifier_false_negative,tagged,quotation,0.703,108,"Jarndyce says: ""These are the Great Seal's impressions, my dear, all over England — the children know them."""
rag_v23_hartley_woodcourt_rosen,rag,verifier_false_negative,tagged,quotation,0.707,161,"Jarndyce says to Mrs. Woodcourt: ""Come you, and see my child from hour to hour; set what you see against her pedigree — and tell me what is the true legitimacy."""
rag_v21_hartley_blackstone_edmund,rag,verifier_false_negative,tagged,quotation,0.710,187,"For, says he, it's being ground to bits in a slow mill; it's being roasted at a slow fire; it's being stung to death by single bees; it's being drowned by drops; it's going mad by grains."
rag_v27_blackstone_edmund_rosen,rag,verifier_false_negative,tagged,quotation,0.710,187,"For, says he, it's being ground to bits in a slow mill; it's being roasted at a slow fire; it's being stung to death by single bees; it's being drowned by drops; it's going mad by grains."
rag_v01_baseline,rag,verifier_false_negative,tagged,quotation,0.716,186,"Sir, that class of practitioners would be swept from the face of the earth. Now you cannot afford — I will say, the social system cannot afford — to lose an order of men like Mr. Vholes."
rag_v11_marxist,rag,verifier_false_negative,tagged,quotation,0.716,186,"Sir, that class of practitioners would be swept from the face of the earth. Now you cannot afford — I will say, the social system cannot afford — to lose an order of men like Mr. Vholes."
rag_v15_trevelyan_for_hartley,rag,verifier_false_negative,tagged,quotation,0.716,186,"Sir, that class of practitioners would be swept from the face of the earth. Now you cannot afford — I will say, the social system cannot afford — to lose an order of men like Mr. Vholes."
rag_v17_trevelyan_edmund,rag,verifier_false_negative,tagged,quotation,0.719,152,"Esther tells us that what Harold Skimpole was, Harold Skimpole had found himself, to his considerable surprise, when he first made his own acquaintance."
rag_v17_trevelyan_edmund,rag,verifier_false_negative,tagged,quotation,0.728,143,"Dickens writes that the peerage may have warmer worshippers and faithfuller believers than Tulkinghorn — 'after all, if everything were known.'"
rag_v15_trevelyan_for_hartley,rag,verifier_false_negative,tagged,quotation,0.732,123,"""Do not even allow my simple requirements to be considered if they should at any time interfere with your own, my Caroline."
rag_v21_hartley_blackstone_edmund,rag,verifier_false_negative,tagged,quotation,0.743,140,"And then this devastating parenthesis: some say she really is, or was, a party to a suit, but no one knows for certain because no one cares."
rag_v15_trevelyan_for_hartley,rag,verifier_false_negative,tagged,quotation,0.745,136,"It would be far better for me, they tell me, if I restrained myself. I tell them that if I did restrain myself I should become imbecile."
rag_v01_baseline,rag,verifier_false_negative,tagged,quotation,0.747,81,"Woodcourt, my dear fellow,"" cried Richard, ""you come upon my vision like a ghost."
rand_v01_baseline,random,detector_false_positive,inline,uncertain,0.000,47,"I have fallen, I have married, I have scattered"
rand_v01_baseline,random,detector_false_positive,inline,quotation,0.000,28,none of it safely sealed off
rand_v01_baseline,random,detector_false_positive,inline,uncertain,0.000,26,did you know this morning?
rand_v12_radical_panel,random,detector_false_positive,inline,uncertain,0.000,27,Adaptability to all grades.
rand_v14_trevelyan_for_woodcourt,random,confabulation,tagged,quotation,0.000,21,A very neat she-wolf.
rand_v16_trevelyan_for_blackstone,random,confabulation,inline,uncertain,0.000,57,"ring — the surprise, the denial almost — and then let the"
rand_v16_trevelyan_for_blackstone,random,confabulation,tagged,quotation,0.000,35,"That's the entire line: ""Be quiet."""
rand_v16_trevelyan_for_blackstone,random,detector_false_positive,inline,quotation,0.000,28,For any human consideration.
rand_v16_trevelyan_for_blackstone,random,confabulation,tagged,quotation,0.000,28,No! You ain't angry with ME.
rand_v17_trevelyan_edmund,random,detector_false_positive,inline,uncertain,0.000,32,To which... To which... To which
rand_v18_trevelyan_rosen,random,detector_false_positive,inline,uncertain,0.000,23,The British Grenadiers.
rand_v18_trevelyan_rosen,random,confabulation,tagged,quotation,0.000,34,Bad. Pale and exhausted. Very bad.
rand_v19_all_swapped,random,confabulation,tagged,quotation,0.000,93,"""Mistaken"" — not betrayed, not crushed. Mistaken. The error originates somewhere in the will."
rand_v19_all_swapped,random,confabulation,tagged,quotation,0.000,43,Are you quite sure that your name is Steel?
rand_v21_hartley_blackstone_edmund,random,detector_false_positive,inline,uncertain,0.000,23,very deliberately — not
rand_v21_hartley_blackstone_edmund,random,detector_false_positive,inline,quotation,0.000,48,"in response to Mrs. Woodcourt, and Dickens adds:"
rand_v21_hartley_blackstone_edmund,random,detector_false_positive,inline,quotation,0.000,33,social fact rendered as sensation
rand_v22_hartley_blackstone_rosen,random,detector_false_positive,inline,quotation,0.000,24,The form is the argument
rand_v23_hartley_woodcourt_rosen,random,confabulation,tagged,quotation,0.000,51,And it sounds — somehow it sounds like a small sum?
rand_v23_hartley_woodcourt_rosen,random,detector_false_positive,inline,uncertain,0.000,30,is what breaks me every time —
rand_v24_hartley_edmund_rosen,random,detector_false_positive,inline,quotation,0.000,46,constrained formalities and conventionalities.
rand_v24_hartley_edmund_rosen,random,detector_false_positive,inline,uncertain,0.000,21,vigorous resolutions.
rand_v24_hartley_edmund_rosen,random,detector_false_positive,inline,quotation,0.000,32,Tempted into modestly remarking.
rand_v24_hartley_edmund_rosen,random,detector_false_positive,inline,uncertain,0.000,27,"Jenny, if you please, miss."
rand_v24_hartley_edmund_rosen,random,detector_false_positive,inline,uncertain,0.000,32,Something practical and painful.
rand_v25_hartley_rosen_trevelyan,random,confabulation,tagged,quotation,0.000,27,"""Is it blessed?"" Two words."
rand_v27_blackstone_edmund_rosen,random,confabulation,tagged,quotation,0.000,22,"No, says Mrs. Snagsby."
rand_v27_blackstone_edmund_rosen,random,detector_false_positive,inline,uncertain,0.000,22,the Radical of Nature.
rand_v27_blackstone_edmund_rosen,random,detector_false_positive,inline,uncertain,0.000,36,The whole novel is what happens when
rand_v28_blackstone_edmund_trevelyan,random,detector_false_positive,inline,uncertain,0.000,28,Repressing his amused smile.
rand_v29_blackstone_rosen_trevelyan,random,detector_false_positive,inline,quotation,0.000,33,— is doing almost as much work as
rand_v29_blackstone_rosen_trevelyan,random,confabulation,tagged,quotation,0.000,33,"Crawling, guv'ner, again a wall —"
rand_v29_blackstone_rosen_trevelyan,random,detector_false_positive,inline,uncertain,0.000,24,The third person of fate
rand_v29_blackstone_rosen_trevelyan,random,detector_false_positive,inline,uncertain,0.000,40,"is a word that wants to bounce, and then"
rand_v30_woodcourt_edmund_trevelyan,random,detector_false_positive,inline,quotation,0.000,26,And refused all proposals.
rand_v17_trevelyan_edmund,random,confabulation,tagged,quotation,0.026,303,"And then — this is the line that gets me every time — he observes that a close observer might detect, in both Judy's eye and her brother's, when their venerable grandsire anticipates his being gone, some little impatience to know when he may be going, and some resentful opinion that it is time he we"
rand_v26_blackstone_woodcourt_edmund,random,confabulation,tagged,quotation,0.032,194,"I willingly confess that Lady Dedlock is the most accomplished lady in the world, to whom I would do any homage that a plain gentleman, and no baronet with a head seven hundred years thick, may."
rand_v19_all_swapped,random,confabulation,tagged,quotation,0.058,200,"But whether each evermore watches and suspects the other, evermore mistrustful of some great reservation; whether each is evermore prepared at all points for the other, and never to be taken unawares—"
rand_v30_woodcourt_edmund_trevelyan,random,confabulation,tagged,quotation,0.101,255,"You appear to me to be the very touchstone of responsibility. When I see you, my dear Miss Summerson, intent upon the perfect working of the whole little orderly system of which you are the centre, I feel inclined to say to myself — THAT'S responsibility!"
rand_v27_blackstone_edmund_rosen,random,confabulation,tagged,quotation,0.109,179,"Aye, and even in gen-teel families, in high families, in great families — I have had the honour of being employed in high families before, and you have no idea what games goes on!"
rand_v24_hartley_edmund_rosen,random,confabulation,tagged,quotation,0.111,160,"Mr. Snagsby... is tempted into modestly remarking, 'I don't know, I'm sure, sir.' On which interruption Mrs. Chadband glares and Mrs. Snagsby says, 'For shame!'"
rand_v12_radical_panel,random,confabulation,tagged,quotation,0.163,164,"Never can there come fog too thick, never can there come mud and mire too deep, to assort with the groping and floundering condition of this High Court of Chancery."
rand_v21_hartley_blackstone_edmund,random,confabulation,tagged,quotation,0.167,149,"""I was much disconcerted, but I reflected that if the main point were gained, it mattered little how strangely he perverted everything leading to it."
rand_v25_hartley_rosen_trevelyan,random,confabulation,tagged,quotation,0.296,177,"To see him at the very same time, looking at the bird now perched upon his thumb and softly smoothing its feathers with his forefinger, one might have thought him the gentlest."""
rand_v17_trevelyan_edmund,random,confabulation,tagged,quotation,0.373,89,"And then — this is the line that completely undoes me — 'Don't cry, if you please, miss!'"
rand_v14_trevelyan_for_woodcourt,random,confabulation,tagged,quotation,0.393,75,"""I call her Esther Summerson. There was no Miss-ing of the girl in my time."
rand_v27_blackstone_edmund_rosen,random,confabulation,tagged,quotation,0.396,135,"She sees that he has begun to look upon Jarndyce and Jarndyce as if it were not a millstone around his neck, but the key to every door."
rand_v10_conservative,random,confabulation,tagged,quotation,0.403,108,"It an't what you endeavour to do, it's what you DO. That's what I estimate in a man in your way of business."
rand_v28_blackstone_edmund_trevelyan,random,confabulation,tagged,quotation,0.420,106,"This is my lodger, Sir Leicester Dedlock. This foreign young woman has been my lodger for some weeks back."
rand_v24_hartley_edmund_rosen,random,confabulation,tagged,quotation,0.422,131,"Why, what a cod's head and shoulders I am! Nobody but a child would have thought of singling YOU two out for parties in the affair!"
rand_v15_trevelyan_for_hartley,random,confabulation,tagged,quotation,0.425,199,"Pursuing his lounging way with a heavy tread, beating the palms of his white gloves one against the other, stopping now and then to look casually about for anything between a lost child and a murder."
rand_v10_conservative,random,confabulation,tagged,quotation,0.435,136,"He gives us the third-person voice — which can say, with perfect calm, that Lady Dedlock 'is now decided, and prepared to throw it off.'"
rand_v26_blackstone_woodcourt_edmund,random,confabulation,tagged,quotation,0.445,110,"How do you do, Mr. Krook? How do you do, sir? You are looking charming, Mr. Krook. I hope you are pretty well?"
rand_v10_conservative,random,confabulation,tagged,quotation,0.446,86,"If this is his regular sleep, it'll last a long time one of these days, I am thinking."
rand_v17_trevelyan_edmund,random,confabulation,tagged,quotation,0.449,121,"Who's conspiring?"" ""Why, YOU are!"" ""No, I am not."" ""Yes, you are!"" ""Who says so?"" ""I say so!"" ""Oh, indeed?"" ""Yes, indeed!"
rand_v29_blackstone_rosen_trevelyan,random,confabulation,tagged,quotation,0.458,169,"Sir Leicester and the baronetcy, Sir Leicester and Chesney Wold, Sir Leicester and his ancestors and his patrimony are, I need not say to you, Lady Dedlock, inseparable."
rand_v14_trevelyan_for_woodcourt,random,confabulation,tagged,quotation,0.462,83,"I wish he had let it off, and blown his head into as many pieces as he owed pounds!"
rand_v26_blackstone_woodcourt_edmund,random,confabulation,tagged,quotation,0.462,83,"I wish he had let it off, and blown his head into as many pieces as he owed pounds!"
rand_v21_hartley_blackstone_edmund,random,confabulation,tagged,quotation,0.465,71,"It IS a tainting sort of weather, and I find it sinking to the spirits."
rand_v10_conservative,random,confabulation,tagged,quotation,0.478,71,"By whom or how it could be removed, we did not know, but we knew that."""
rand_v30_woodcourt_edmund_trevelyan,random,confabulation,inline,quotation,0.478,71,"she, and my darling, and my little maid Charley, and a milliner, and I."
rand_v23_hartley_woodcourt_rosen,random,confabulation,tagged,quotation,0.481,150,"I will not begin it in the old way now. I have learned a lesson now, sir. It was a hard one, but you shall be assured, indeed, that I have learned it."
rand_v15_trevelyan_for_hartley,random,confabulation,tagged,quotation,0.481,96,I'm blest if I know. But I shouldn't think it warn't. Blest? It an't done it much good if it is.
rand_v14_trevelyan_for_woodcourt,random,confabulation,tagged,quotation,0.496,122,A man of a very ill-regulated mind. An extremely dangerous person in any community. A man of a very low character of mind.
rand_v27_blackstone_edmund_rosen,random,confabulation,tagged,quotation,0.512,103,"He says: ""She is not well-bred, you see, and she is an inexperienced little thing and knows no better."""
rand_v15_trevelyan_for_hartley,random,confabulation,tagged,quotation,0.525,88,Mr. Jobling said 'Certainly' and withdrew a little from the elbow of Mr. Guppy's mother.
rand_v22_hartley_blackstone_rosen,random,confabulation,tagged,quotation,0.533,67,"You must be rich, my fair friend, to throw money about in that way!"
rand_v10_conservative,random,confabulation,tagged,quotation,0.536,75,"Now, if everybody has done,"" says Judy, ""I'll have that girl in to her tea."
rand_v19_all_swapped,random,confabulation,tagged,quotation,0.551,132,"As my darling answered him thus hopefully, so serene and beautiful, with the help that was to come to her so near — I knew — I knew!"
rand_v01_baseline,random,confabulation,tagged,quotation,0.553,128,"The portraits of Mr. and Mrs. Snagsby — ""in oil, and plenty of it too"" — revered by Guster as achievements of Raphael or Titian."
rand_v19_all_swapped,random,confabulation,tagged,quotation,0.554,74,"Dear, unfortunate, mistaken Richard. When will he awake from his delusion!"
rand_v24_hartley_edmund_rosen,random,confabulation,tagged,quotation,0.556,80,magnificently laying out the matter with his right hand like a service of plate.
rand_v19_all_swapped,random,confabulation,tagged,quotation,0.570,114,"YOU know life, you know, sir. YOU don't want to be told that from information I have received I have gone to work."
rand_v22_hartley_blackstone_rosen,random,confabulation,tagged,quotation,0.571,78,His old apprehensions have never abated. It is as much as he can do to answer.
rand_v22_hartley_blackstone_rosen,random,confabulation,tagged,quotation,0.574,144,She's Colour-Sergeant of the Nonpareil battalion. And there's not such another. But I never own to it before her. Discipline must be maintained.
rand_v18_trevelyan_rosen,random,confabulation,tagged,quotation,0.591,71,"Don't say nothing done, sir. That is scarcely fair, sir, scarcely fair!"
rand_v15_trevelyan_for_hartley,random,confabulation,tagged,quotation,0.591,119,"She was handsome; and if she had ever smiled, would have been — I used to think — like an angel — but she never smiled."
rand_v18_trevelyan_rosen,random,confabulation,tagged,quotation,0.594,45,"Oh, not so bad as me. I'm a reg'lar one I am!"
rand_v18_trevelyan_rosen,random,verifier_false_negative,tagged,quotation,0.600,98,"I can't look chance men in the face with these things on. Do, for God's sake, pull my hat forward."
rand_v10_conservative,random,verifier_false_negative,inline,quotation,0.602,74,gaining confidence as he proceeds in his soldierly mode of doing business.
rand_v24_hartley_edmund_rosen,random,verifier_false_negative,tagged,quotation,0.608,220,"Jo, very doubtful of his reverend friend's intentions and not at all clear but that something practical and painful is going to be done to him, mutters — 'You let me alone. I never said nothink to you. You let me alone.'"
rand_v11_marxist,random,verifier_false_negative,tagged,quotation,0.610,171,"He tells Esther: ""I look upon it as a pursuit which is in its nature more or less unsettled, and therefore suited to my temporary condition — I may say, precisely suited."""
rand_v16_trevelyan_for_blackstone,random,verifier_false_negative,tagged,quotation,0.611,80,"""That she was, if there were any ties of blood in such a case, the child's aunt."
rand_v22_hartley_blackstone_rosen,random,verifier_false_negative,tagged,quotation,0.618,91,"So, Dame Trot, so Woodcourt has restored Caddy Jellyby to the full enjoyment of life again?"
rand_v14_trevelyan_for_woodcourt,random,verifier_false_negative,tagged,quotation,0.620,261,"Miss Summerson's image is imprinted on my 'eart... If I could clear this mystery for her, or prove her to be well related, or find that having the honour to be a remote branch of your ladyship's family she had a right to be made a party in Jarndyce and Jarndyce"
rand_v30_woodcourt_edmund_trevelyan,random,verifier_false_negative,tagged,quotation,0.623,184,"Mr. Jarndyce of Bleak House has chosen, so far as I may judge, a very good companion for the young lady, and the arrangement altogether seems the best of which the circumstances admit."
rand_v23_hartley_woodcourt_rosen,random,verifier_false_negative,tagged,quotation,0.633,131,"humming all the tunes I knew... I sat working and working in a desperate manner, and I talked and talked, morning, noon, and night."
rand_v24_hartley_edmund_rosen,random,verifier_false_negative,tagged,quotation,0.644,181,"He was perfectly confidential with me, and often talked so sensibly and feelingly about his faults and his vigorous resolutions... that I could never have been tired if I had tried."
rand_v25_hartley_rosen_trevelyan,random,verifier_false_negative,tagged,quotation,0.645,83,"Presently we lost the light, presently saw it, presently lost it, presently saw it."
rand_v19_all_swapped,random,verifier_false_negative,tagged,quotation,0.653,104,Woodcourt lays his hand on Richard's shoulder — this quiet gesture of fellowship between two decent men.
rand_v30_woodcourt_edmund_trevelyan,random,verifier_false_negative,tagged,quotation,0.655,48,"Now, tell me — how you know that to be the lady."
rand_v16_trevelyan_for_blackstone,random,verifier_false_negative,tagged,quotation,0.656,87,"""The crystallized snow was in his eyelashes, in his hair, lying in ridges on his dress."
rand_v22_hartley_blackstone_rosen,random,verifier_false_negative,tagged,quotation,0.658,103,"Lie lightly, confidently here, my child. I am your guardian and your father now. Rest confidently here."
rand_v28_blackstone_edmund_trevelyan,random,verifier_false_negative,tagged,quotation,0.658,69,"Not, my dear friend, that I want YOU to betray anything. Far from it."
rand_v15_trevelyan_for_hartley,random,verifier_false_negative,tagged,quotation,0.660,89,"""You used to teach girls. If you could only have taught me, I could have learnt from you!"
rand_v27_blackstone_edmund_rosen,random,verifier_false_negative,tagged,quotation,0.661,50,"Why, my love! Ada, why should you not speak to us!"
rand_v24_hartley_edmund_rosen,random,verifier_false_negative,tagged,quotation,0.662,117,"What! Even you are a courtier, or think it necessary to become one to me! I have achieved that reputation, I suppose."
rand_v12_radical_panel,random,verifier_false_negative,tagged,quotation,0.665,142,"Peeping over the parapets into a nether sky of fog, with fog all round them, as if they were up in a balloon, and hanging in the misty clouds."
rand_v10_conservative,random,verifier_false_negative,tagged,quotation,0.665,150,"Fog everywhere. Fog up the river, where it flows among green aits and meadows; fog down the river, where it rolls defiled among the tiers of shipping."
rand_v16_trevelyan_for_blackstone,random,verifier_false_negative,tagged,quotation,0.665,150,"Fog everywhere. Fog up the river, where it flows among green aits and meadows; fog down the river, where it rolls defiled among the tiers of shipping."
rand_v22_hartley_blackstone_rosen,random,verifier_false_negative,tagged,quotation,0.665,150,"Fog everywhere. Fog up the river, where it flows among green aits and meadows; fog down the river, where it rolls defiled among the tiers of shipping."
rand_v24_hartley_edmund_rosen,random,verifier_false_negative,tagged,quotation,0.665,150,"Fog everywhere. Fog up the river, where it flows among green aits and meadows; fog down the river, where it rolls defiled among the tiers of shipping."
rand_v10_conservative,random,verifier_false_negative,tagged,quotation,0.667,248,"It must be a strange state to be like Jo! To shuffle through the streets, unfamiliar with the shapes, and in utter darkness as to the meaning, of those mysterious symbols, so abundant over the shops, and at the corners of streets, and on the doors."
rand_v21_hartley_blackstone_edmund,random,verifier_false_negative,tagged,quotation,0.667,127,"How dreadful to remember, perhaps, that she had sometimes even wished the old man away who was so swiftly hurried out of life!"""
rand_v24_hartley_edmund_rosen,random,verifier_false_negative,tagged,quotation,0.667,144,"It is she who, at the core of all the constrained formalities and conventionalities of his life, has been a stock of living tenderness and love."
rand_v27_blackstone_edmund_rosen,random,verifier_false_negative,tagged,quotation,0.667,108,"It is habitually hard upon Sir Leicester, whose countenance it greenly mottles in the manner of sage-cheese."
rand_v28_blackstone_edmund_trevelyan,random,verifier_false_negative,tagged,quotation,0.667,128,"Several blue bags hastily stuffed out of all regularity of form, as the larger sort of serpents are in their first gorged state."
rand_v28_blackstone_edmund_trevelyan,random,verifier_false_negative,tagged,quotation,0.667,171,"My digestive functions, as you may have heard me mention, are not in a good state, and rest might improve them; but I shall not rest, sir, while I am your representative."""
rand_v26_blackstone_woodcourt_edmund,random,verifier_false_negative,tagged,quotation,0.669,161,"You know I stood up with my single hand against them all, you know I told them the truth to the last, and told them what they were, and what they had done to me."
rand_v15_trevelyan_for_hartley,random,verifier_false_negative,tagged,quotation,0.669,137,"as he continues, while he claws, to slide down in his chair and to collapse into a shapeless bundle, he becomes such a ghastly spectacle."
rand_v22_hartley_blackstone_rosen,random,verifier_false_negative,tagged,quotation,0.675,178,"A lady of a natural detective genius, which if it had been improved by professional exercise, might have done great things, but which has paused at the level of a clever amateur."
rand_v17_trevelyan_edmund,random,verifier_false_negative,tagged,quotation,0.676,66,"You're a pattern, you know, that's what you are. You're a pattern."
rand_v18_trevelyan_rosen,random,verifier_false_negative,tagged,quotation,0.678,126,"We have been engaged for some time, father, and Miss Summerson, hearing of it, advised that we should declare the fact to you."
rand_v25_hartley_rosen_trevelyan,random,verifier_false_negative,tagged,quotation,0.681,88,"She says, of a much earlier moment, simply: ""I said, 'No doubt.' I meant as to Holborn."""
rand_v27_blackstone_edmund_rosen,random,verifier_false_negative,tagged,quotation,0.686,63,"He says only: ""'Tis curious. And yet I thought so at the time!"""
rand_v10_conservative,random,verifier_false_negative,tagged,quotation,0.688,137,"""We both felt painfully sensible that between us and these people there was an iron barrier which could not be removed by our new friend."
rand_v25_hartley_rosen_trevelyan,random,verifier_false_negative,inline,quotation,0.690,26,Rage in the form of a wish
rand_v29_blackstone_rosen_trevelyan,random,verifier_false_negative,tagged,quotation,0.691,157,"Thank you over and over again, father! I am very grateful for all your kindness and consideration regarding our marriage, and so, I can assure you, is Caddy."
rand_v25_hartley_rosen_trevelyan,random,verifier_false_negative,tagged,quotation,0.692,133,"For I am constantly being taken in these nets, and am constantly being bailed out — like a boat. Or paid off — like a ship's company."
rand_v22_hartley_blackstone_rosen,random,verifier_false_negative,tagged,quotation,0.694,86,"Wot I was a-thinkin on, Mr. Sangsby, wos, as you wos able to write wery large, p'raps?"
rand_v19_all_swapped,random,verifier_false_negative,tagged,quotation,0.696,142,"When shall I go from this place to that pleasant country where the old times are, where I shall have strength to tell what Ada has been to me?"
rand_v25_hartley_rosen_trevelyan,random,verifier_false_negative,tagged,quotation,0.701,103,"""To hear him say all this with unimaginable energy, one might have thought him the angriest of mankind."
rand_v12_radical_panel,random,verifier_false_negative,tagged,quotation,0.707,132,"You are wrong, Miss Summerson, but perhaps you are not equal to hard work or the excitement of it, and that makes a vast difference."
rand_v10_conservative,random,verifier_false_negative,tagged,quotation,0.720,94,"I'm always a-moving on, sar. I've always been a-moving and a-moving on, ever since I was born."
rand_v26_blackstone_woodcourt_edmund,random,verifier_false_negative,tagged,quotation,0.721,115,"""There was an anxiety even in her hopefulness that made me doubtful if I had done right in approaching the subject."
rand_v24_hartley_edmund_rosen,random,verifier_false_negative,tagged,quotation,0.724,47,"'He is changed,' he returned, shaking his head."
rand_v22_hartley_blackstone_rosen,random,verifier_false_negative,tagged,quotation,0.725,92,"Then Richard is not come in yet? I am glad of that, for I was afraid of being a little late."
rand_v24_hartley_edmund_rosen,random,verifier_false_negative,tagged,quotation,0.726,70,"'I see the marshes once,' says Phil, contentedly eating his breakfast."
rand_v11_marxist,random,verifier_false_negative,tagged,quotation,0.727,54,She asks: 'Are there any more of you besides Charley?'
rand_v17_trevelyan_edmund,random,verifier_false_negative,tagged,quotation,0.734,102,"Mr. Bogsby puts up 'The popular song of King Death, with chorus by the whole strength of the company.'"
rand_v23_hartley_woodcourt_rosen,random,verifier_false_negative,tagged,quotation,0.736,64,"'Disappointed, miss,' said Charley, peeping through the curtain."
rand_v25_hartley_rosen_trevelyan,random,verifier_false_negative,tagged,quotation,0.737,76,"""Again you find us, Miss Summerson, using our little arts to polish, polish!"
rand_v26_blackstone_woodcourt_edmund,random,verifier_false_negative,tagged,quotation,0.737,76,"""Again you find us, Miss Summerson, using our little arts to polish, polish!"
rand_v22_hartley_blackstone_rosen,random,verifier_false_negative,tagged,quotation,0.744,73,"A friendly one, and only waiting, as they say ghosts do, to be addressed."
rand_v15_trevelyan_for_hartley,random,verifier_false_negative,tagged,quotation,0.744,80,I don't know nothink about no papers. I don't know nothink about nothink at all.
rand_v12_radical_panel,random,verifier_false_negative,tagged,quotation,0.745,49,"And what can you have to say, Snagsby, about her?"
v01_baseline,transport,confabulation,tagged,quotation,0.000,105,"Miss Summerson, back. Straight back as a die. You know me. Don't be afraid. I'll follow the other, by G——"
v04_craft_focus,transport,confabulation,tagged,quotation,0.000,105,"Miss Summerson, back. Straight back as a die. You know me. Don't be afraid. I'll follow the other, by G——"
v06_quality,transport,confabulation,tagged,quotation,0.000,105,"Miss Summerson, back. Straight back as a die. You know me. Don't be afraid. I'll follow the other, by G——"
v07_skip_dedlock,transport,detector_false_positive,inline,uncertain,0.000,36,Shining subject of popular prejudice
v07_skip_dedlock,transport,confabulation,inline,quotation,0.000,55,a system that produces nothing but its own continuation
v07_skip_dedlock,transport,detector_false_positive,inline,uncertain,0.000,24,Neither have I. Not one.
v07_skip_dedlock,transport,detector_false_positive,inline,uncertain,0.000,30,nothing monstrous or uncommon.
v08_tight_budget,transport,detector_false_positive,inline,repetition,0.000,26,whether... whether... what
v08_tight_budget,transport,detector_false_positive,inline,uncertain,0.000,28,For any human consideration.
v09_diverse,transport,detector_false_positive,inline,quotation,0.000,24,Matured autumnal fruits.
v10_conservative,transport,detector_false_positive,inline,quotation,0.000,26,constitutionally incapable
v12_radical_panel,transport,confabulation,tagged,quotation,0.000,105,"Miss Summerson, back. Straight back as a die. You know me. Don't be afraid. I'll follow the other, by G——"
v13_rosen_jo,transport,detector_false_positive,inline,uncertain,0.000,28,For any human consideration.
v14_trevelyan_for_woodcourt,transport,confabulation,tagged,quotation,0.000,58,"And then — three words, standing alone: 'I have seen him.'"
v15_trevelyan_for_hartley,transport,detector_false_positive,inline,uncertain,0.000,24,parsimony of the public.
v16_trevelyan_for_blackstone,transport,detector_false_positive,inline,quotation,0.000,20,I saw what happened.
v18_trevelyan_rosen,transport,confabulation,tagged,quotation,0.000,105,"Miss Summerson, back. Straight back as a die. You know me. Don't be afraid. I'll follow the other, by G——"
v19_all_swapped,transport,confabulation,tagged,quotation,0.000,105,"Miss Summerson, back. Straight back as a die. You know me. Don't be afraid. I'll follow the other, by G——"
v20_trevelyan_jo,transport,confabulation,inline,quotation,0.000,64,is almost percussive — each one lands like a drumbeat — and then
v21_hartley_blackstone_edmund,transport,detector_false_positive,inline,quotation,0.000,23,"then the eyeglass, then"
v21_hartley_blackstone_edmund,transport,detector_false_positive,inline,repetition,0.000,26,whether... whether... what
v21_hartley_blackstone_edmund,transport,detector_false_positive,inline,repetition,0.000,20,evermore... evermore
v21_hartley_blackstone_edmund,transport,detector_false_positive,inline,uncertain,0.000,31,"to disclose, but possessed of a"
v21_hartley_blackstone_edmund,transport,confabulation,tagged,quotation,0.000,105,"Miss Summerson, back. Straight back as a die. You know me. Don't be afraid. I'll follow the other, by G——"
v22_hartley_blackstone_rosen,transport,detector_false_positive,inline,quotation,0.000,34,"he brings actions, I bring actions"
v22_hartley_blackstone_rosen,transport,detector_false_positive,inline,uncertain,0.000,28,Michaelmas term lately over.
v22_hartley_blackstone_rosen,transport,confabulation,tagged,quotation,0.000,105,"Miss Summerson, back. Straight back as a die. You know me. Don't be afraid. I'll follow the other, by G——"
v23_hartley_woodcourt_rosen,transport,detector_false_positive,inline,uncertain,0.000,22,A great and dirty city
v24_hartley_edmund_rosen,transport,confabulation,tagged,quotation,0.000,105,"Miss Summerson, back. Straight back as a die. You know me. Don't be afraid. I'll follow the other, by G——"
v28_blackstone_edmund_trevelyan,transport,confabulation,tagged,quotation,0.000,106,"Miss Summerson — back. Straight back as a die. You know me. Don't be afraid. I'll follow the other, by G——"
v28_blackstone_edmund_trevelyan,transport,detector_false_positive,inline,uncertain,0.000,33,No father. No mother. No friends.
v28_blackstone_edmund_trevelyan,transport,detector_false_positive,inline,quotation,0.000,39,No man is a hypocrite in his pleasures.
v30_woodcourt_edmund_trevelyan,transport,confabulation,tagged,quotation,0.000,105,"Miss Summerson, back. Straight back as a die. You know me. Don't be afraid. I'll follow the other, by G——"
v30_woodcourt_edmund_trevelyan,transport,detector_false_positive,inline,quotation,0.000,24,Matured autumnal fruits.
v06_quality,transport,confabulation,tagged,quotation,0.022,163,"...in consequence of people — iron-masters, lead-mistresses, and what not — not minding their catechism, and getting out of the station unto which they are called."
v01_baseline,transport,confabulation,tagged,quotation,0.025,214,Dickens says the Dedlocks' family greatness — and you can hear the quotation marks he's not actually writing — seems to consist in their never having done anything to distinguish themselves for seven hundred years.
v29_blackstone_rosen_trevelyan,transport,confabulation,tagged,quotation,0.026,173,"I certainly did contemplate, afar off, the possibility of you and your pretty cousin here being in a mind to go through life together. But that was afar off, Rick, afar off!"
v09_diverse,transport,confabulation,tagged,quotation,0.036,175,Dickens even frames it as unanswerable: 'Whether his whole soul is devoted to the great or whether he yields them nothing beyond the services he sells is his personal secret.'
v10_conservative,transport,confabulation,tagged,quotation,0.087,174,She says young men like Woodcourt 'who take it from a strong interest in all that it can do will find some reward in it through a great deal of work for a very little money.'
v20_trevelyan_jo,transport,confabulation,tagged,quotation,0.090,196,"Whether each evermore watches and suspects the other, evermore mistrustful of some great reservation; whether each is evermore prepared at all points for the other, and never to be taken unawares—"
v01_baseline,transport,confabulation,tagged,quotation,0.113,196,"How little I thought, when I raised my handkerchief to look upon the tiny sleeper underneath and seemed to see a halo shine around the child through Ada's drooping hair as her pity bent her head —"
v06_quality,transport,confabulation,tagged,quotation,0.113,196,"How little I thought, when I raised my handkerchief to look upon the tiny sleeper underneath and seemed to see a halo shine around the child through Ada's drooping hair as her pity bent her head —"
v25_hartley_rosen_trevelyan,transport,confabulation,tagged,quotation,0.245,171,"Real and lasting, and inspired them with a steady resolution to do their duty to each other, with constancy, fortitude, and perseverance, each always for the other's sake."
v03_strict,transport,confabulation,tagged,quotation,0.281,131,"She says — and this is wonderfully precise — that Richard is 'languid about the profession,' that he finds it 'a tiresome pursuit.'"
v05_craft_v2,transport,confabulation,tagged,quotation,0.332,134,"And then Dickens punctures it with a sentence of utter simplicity: 'The room darkened as they went out, and the sun was clouded over.'"
v06_quality,transport,confabulation,tagged,quotation,0.341,102,"I'm a-being froze, and then burnt up, and then froze, and then burnt up, ever so many times in a hour."
v02_more_jo,transport,confabulation,tagged,quotation,0.388,131,"Mr. Tulkinghorn is always the same speechless repository of noble confidences, so oddly out of place and yet so perfectly at home."""
v14_trevelyan_for_woodcourt,transport,confabulation,tagged,quotation,0.388,130,"And then he pivots — 'But whether each evermore watches and suspects the other, evermore mistrustful of some great reservation...'"
v04_craft_focus,transport,confabulation,tagged,quotation,0.403,71,"But so from rough outsides, serene and gentle influences often proceed."
v08_tight_budget,transport,confabulation,tagged,quotation,0.403,71,"But so from rough outsides, serene and gentle influences often proceed."
v09_diverse,transport,confabulation,tagged,quotation,0.403,71,"But so from rough outsides, serene and gentle influences often proceed."
v15_trevelyan_for_hartley,transport,confabulation,tagged,quotation,0.403,71,"But so from rough outsides, serene and gentle influences often proceed."
v16_trevelyan_for_blackstone,transport,confabulation,inline,quotation,0.403,71,"But so from rough outsides, serene and gentle influences often proceed."
v21_hartley_blackstone_edmund,transport,confabulation,tagged,quotation,0.403,71,"But so from rough outsides, serene and gentle influences often proceed."
v26_blackstone_woodcourt_edmund,transport,confabulation,tagged,quotation,0.403,71,"But so from rough outsides, serene and gentle influences often proceed."
v13_rosen_jo,transport,confabulation,tagged,quotation,0.410,126,"He wos wery good to me, he wos! Wen I see him a-layin' so stritched out just now, I wished he could have heerd me tell him so."
v26_blackstone_woodcourt_edmund,transport,confabulation,tagged,quotation,0.426,147,"And then, finally, the landing: 'I have something to tell her on her return in reference to the person who copied the affidavit — I have seen him.'"
v14_trevelyan_for_woodcourt,transport,confabulation,tagged,quotation,0.432,95,He writes: 'He carries family secrets in every limb of his body and every crease of his dress.'
v12_radical_panel,transport,confabulation,tagged,quotation,0.448,129,"She says: 'I was a ward myself. I was not mad at that time. I had youth and hope. I believe, beauty. It matters very little now.'"
v07_skip_dedlock,transport,confabulation,tagged,quotation,0.462,158,"I was a ward myself. I was not mad at that time. I had youth and hope. I believe, beauty. It matters very little now. Neither of the three served or saved me."
v01_baseline,transport,confabulation,tagged,quotation,0.466,170,"Jo, is it thou? Well, well! Though a rejected witness, who 'can't exactly say' what will be done to him in greater hands than men's, thou art not quite in outer darkness."
v17_trevelyan_edmund,transport,confabulation,tagged,quotation,0.466,170,"Jo, is it thou? Well, well! Though a rejected witness, who 'can't exactly say' what will be done to him in greater hands than men's, thou art not quite in outer darkness."
v26_blackstone_woodcourt_edmund,transport,confabulation,tagged,quotation,0.466,170,"Jo, is it thou? Well, well! Though a rejected witness, who 'can't exactly say' what will be done to him in greater hands than men's, thou art not quite in outer darkness."
v28_blackstone_edmund_trevelyan,transport,confabulation,tagged,quotation,0.466,170,"Jo, is it thou? Well, well! Though a rejected witness, who 'can't exactly say' what will be done to him in greater hands than men's, thou art not quite in outer darkness."
v05_craft_v2,transport,confabulation,tagged,quotation,0.474,186,"He hears Jarndyce say, almost directly to his face, 'if you entertain the supposition that any real success was ever wrested from Fortune by fits and starts, leave that wrong idea here.'"
v05_craft_v2,transport,confabulation,tagged,quotation,0.528,64,"He says, very deliberately, 'I have no power over you whatever.'"
v10_conservative,transport,confabulation,tagged,quotation,0.545,136,She tells Esther that Richard 'feels languid about the profession' — that he lacks 'that positive interest which makes it his vocation.'
v26_blackstone_woodcourt_edmund,transport,confabulation,tagged,quotation,0.548,179,"Jarndyce told him exactly this — ""if you entertain the supposition that any real success ever was or could be wrested from Fortune by fits and starts, leave that wrong idea here."""
v26_blackstone_woodcourt_edmund,transport,confabulation,tagged,quotation,0.561,84,'Neither have I. Not one!' and gave him the price of a supper and a night's lodging.
v25_hartley_rosen_trevelyan,transport,confabulation,tagged,quotation,0.575,218,"But whether each evermore watches and suspects the other, evermore mistrustful of some great reservation... what each would give to know how much the other knows — all this is hidden, for the time, in their own hearts."
v01_baseline,transport,confabulation,inline,quotation,0.575,65,London. Michaelmas term lately over. Implacable November weather.
v03_strict,transport,confabulation,tagged,quotation,0.575,65,London. Michaelmas term lately over. Implacable November weather.
v12_radical_panel,transport,confabulation,inline,quotation,0.575,65,London. Michaelmas term lately over. Implacable November weather.
v21_hartley_blackstone_edmund,transport,confabulation,tagged,quotation,0.575,65,London. Michaelmas term lately over. Implacable November weather.
v22_hartley_blackstone_rosen,transport,confabulation,inline,quotation,0.575,65,London. Michaelmas term lately over. Implacable November weather.
v25_hartley_rosen_trevelyan,transport,confabulation,inline,quotation,0.575,65,London. Michaelmas term lately over. Implacable November weather.
v18_trevelyan_rosen,transport,detector_false_positive,inline,quotation,0.583,43,gone into mourning for the death of the sun
v20_trevelyan_jo,transport,confabulation,tagged,quotation,0.583,170,"But whether each evermore watches and suspects the other... what each would give to know how much the other knows — all this is hidden, for the time, in their own hearts."
v10_conservative,transport,detector_false_positive,inline,quotation,0.586,44,gone into mourning for the death of the sun.
v13_rosen_jo,transport,detector_false_positive,inline,uncertain,0.586,44,gone into mourning for the death of the sun.
v22_hartley_blackstone_rosen,transport,confabulation,inline,quotation,0.589,103,If you entertain the supposition that any real success was ever wrested from Fortune by fits and starts
v13_rosen_jo,transport,confabulation,tagged,quotation,0.593,117,"I was a ward myself. I was not mad at that time. I had youth and hope. I believe, beauty. It matters very little now."
v15_trevelyan_for_hartley,transport,confabulation,tagged,quotation,0.593,117,"I was a ward myself. I was not mad at that time. I had youth and hope. I believe, beauty. It matters very little now."
v16_trevelyan_for_blackstone,transport,confabulation,tagged,quotation,0.593,117,"I was a ward myself. I was not mad at that time. I had youth and hope. I believe, beauty. It matters very little now."
v30_woodcourt_edmund_trevelyan,transport,confabulation,tagged,quotation,0.593,117,"I was a ward myself. I was not mad at that time. I had youth and hope. I believe, beauty. It matters very little now."
v20_trevelyan_jo,transport,confabulation,tagged,quotation,0.596,63,It holds the gate with its hands and looks in between the bars.
v20_trevelyan_jo,transport,verifier_false_negative,tagged,quotation,0.610,73,"what do you find it to be but a will, you see. That's the drollery of it."
v25_hartley_rosen_trevelyan,transport,verifier_false_negative,tagged,quotation,0.610,73,"What do you find it to be but a will, you see. That's the drollery of it."
v28_blackstone_edmund_trevelyan,transport,verifier_false_negative,tagged,quotation,0.610,73,"What do you find it to be but a will, you see. That's the drollery of it."
v29_blackstone_rosen_trevelyan,transport,verifier_false_negative,tagged,quotation,0.610,73,"What do you find it to be but a will, you see. That's the drollery of it."
v03_strict,transport,verifier_false_negative,tagged,quotation,0.611,127,"And what Dickens makes so chilling is the follow-through: 'He is his own client in that matter, and will never betray himself.'"
v02_more_jo,transport,verifier_false_negative,tagged,quotation,0.611,80,"""That she was, if there were any ties of blood in such a case, the child's aunt."
v06_quality,transport,verifier_false_negative,tagged,quotation,0.612,93,"""Jo, is it thou? Well, well! Though a rejected witness, thou art not quite in outer darkness."
v07_skip_dedlock,transport,verifier_false_negative,tagged,quotation,0.612,93,"But so from rough outsides, I hope I have learnt, serene and gentle influences often proceed."
v18_trevelyan_rosen,transport,verifier_false_negative,tagged,quotation,0.612,93,"But so from rough outsides, I hope I have learnt, serene and gentle influences often proceed."
v10_conservative,transport,verifier_false_negative,tagged,quotation,0.614,68,"Allan, take from me a willing gift, the best wife that ever man had."
v14_trevelyan_for_woodcourt,transport,verifier_false_negative,tagged,quotation,0.614,68,"Allan, take from me a willing gift, the best wife that ever man had."
v05_craft_v2,transport,verifier_false_negative,tagged,quotation,0.618,134,"I certainly did contemplate, afar off, the possibility of you and your pretty cousin here being in a mind to go through life together."
v12_radical_panel,transport,verifier_false_negative,tagged,quotation,0.618,134,"I certainly did contemplate, afar off, the possibility of you and your pretty cousin here being in a mind to go through life together."
v09_diverse,transport,verifier_false_negative,tagged,quotation,0.621,258,"From my childhood I have been the object of the untiring goodness of the best of human beings, to whom I am so bound by every tie of attachment, gratitude, and love, that nothing I could do in the compass of a life could express the feelings of a single day."
v28_blackstone_edmund_trevelyan,transport,verifier_false_negative,tagged,quotation,0.622,174,"I certainly did contemplate, afar off, the possibility of you and your pretty cousin here being in a mind to go through life together — but that was afar off, Rick, afar off!"
v19_all_swapped,transport,verifier_false_negative,tagged,quotation,0.626,81,And then Tulkinghorn himself: 'An oyster of the old school whom nobody can open.'
v02_more_jo,transport,verifier_false_negative,tagged,quotation,0.635,82,"""They meet again at dinner — again, next day — again, for many days in succession."
v13_rosen_jo,transport,verifier_false_negative,tagged,quotation,0.635,82,"""They meet again at dinner — again, next day — again, for many days in succession."
v05_craft_v2,transport,verifier_false_negative,tagged,quotation,0.638,170,"I have a very good ear, and I am used to drudgery — I have to thank Ma for that, at all events — and where there's a will there's a way, you know, Esther, the world over."
v05_craft_v2,transport,verifier_false_negative,tagged,quotation,0.640,89,"I was a ward myself. I was not mad at that time. I had youth and hope. I believe, beauty."
v05_craft_v2,transport,verifier_false_negative,tagged,quotation,0.645,94,"Jo, is it thou? Well, well! Though a rejected witness... thou art not quite in outer darkness."
v07_skip_dedlock,transport,verifier_false_negative,tagged,quotation,0.645,94,"Jo, is it thou? Well, well! Though a rejected witness... thou art not quite in outer darkness."
v11_marxist,transport,verifier_false_negative,tagged,quotation,0.645,94,"Jo, is it thou? Well, well! Though a rejected witness... thou art not quite in outer darkness."
v19_all_swapped,transport,verifier_false_negative,tagged,quotation,0.645,94,"Jo, is it thou? Well, well! Though a rejected witness... thou art not quite in outer darkness."
v20_trevelyan_jo,transport,verifier_false_negative,tagged,quotation,0.645,94,"Jo, is it thou? Well, well! Though a rejected witness... thou art not quite in outer darkness."
v30_woodcourt_edmund_trevelyan,transport,verifier_false_negative,tagged,quotation,0.645,94,"Jo, is it thou? Well, well! Though a rejected witness... thou art not quite in outer darkness."
v15_trevelyan_for_hartley,transport,verifier_false_negative,tagged,quotation,0.646,73,As the prospect gradually revealed itself... like my memory over my life.
v06_quality,transport,verifier_false_negative,tagged,quotation,0.649,199,"From the village school of Chesney Wold, intact as it is this minute, to the whole framework of society; from the whole framework of society, to the aforesaid framework receiving tremendous cracks..."
v01_baseline,transport,verifier_false_negative,tagged,quotation,0.650,107,They went on in their own wild way for a little while — I never stopped them; I enjoyed it too much myself.
v05_craft_v2,transport,verifier_false_negative,tagged,quotation,0.650,107,They went on in their own wild way for a little while — I never stopped them; I enjoyed it too much myself.
v07_skip_dedlock,transport,verifier_false_negative,tagged,quotation,0.650,107,They went on in their own wild way for a little while — I never stopped them; I enjoyed it too much myself.
v08_tight_budget,transport,verifier_false_negative,tagged,quotation,0.650,107,They went on in their own wild way for a little while — I never stopped them; I enjoyed it too much myself.
v12_radical_panel,transport,verifier_false_negative,tagged,quotation,0.650,107,They went on in their own wild way for a little while — I never stopped them; I enjoyed it too much myself.
v13_rosen_jo,transport,verifier_false_negative,tagged,quotation,0.650,107,They went on in their own wild way for a little while — I never stopped them; I enjoyed it too much myself.
v14_trevelyan_for_woodcourt,transport,verifier_false_negative,tagged,quotation,0.650,107,They went on in their own wild way for a little while — I never stopped them; I enjoyed it too much myself.
v15_trevelyan_for_hartley,transport,verifier_false_negative,tagged,quotation,0.650,107,They went on in their own wild way for a little while — I never stopped them; I enjoyed it too much myself.
v16_trevelyan_for_blackstone,transport,verifier_false_negative,tagged,quotation,0.650,107,They went on in their own wild way for a little while — I never stopped them; I enjoyed it too much myself.
v18_trevelyan_rosen,transport,verifier_false_negative,tagged,quotation,0.650,107,They went on in their own wild way for a little while — I never stopped them; I enjoyed it too much myself.
v19_all_swapped,transport,verifier_false_negative,tagged,quotation,0.650,107,They went on in their own wild way for a little while — I never stopped them; I enjoyed it too much myself.
v23_hartley_woodcourt_rosen,transport,verifier_false_negative,tagged,quotation,0.650,107,They went on in their own wild way for a little while — I never stopped them; I enjoyed it too much myself.
v25_hartley_rosen_trevelyan,transport,verifier_false_negative,tagged,quotation,0.650,107,They went on in their own wild way for a little while — I never stopped them; I enjoyed it too much myself.
v26_blackstone_woodcourt_edmund,transport,verifier_false_negative,tagged,quotation,0.650,107,They went on in their own wild way for a little while — I never stopped them; I enjoyed it too much myself.
v28_blackstone_edmund_trevelyan,transport,verifier_false_negative,tagged,quotation,0.650,107,They went on in their own wild way for a little while — I never stopped them; I enjoyed it too much myself.
v29_blackstone_rosen_trevelyan,transport,verifier_false_negative,tagged,quotation,0.650,107,They went on in their own wild way for a little while — I never stopped them; I enjoyed it too much myself.
v04_craft_focus,transport,verifier_false_negative,inline,quotation,0.653,64,"from rough outsides, serene and gentle influences often proceed."
v04_craft_focus,transport,verifier_false_negative,tagged,quotation,0.654,140,"Though a rejected witness, who can't exactly say what will be done to him in greater hands than men's, thou art not quite in outer darkness."
v07_skip_dedlock,transport,verifier_false_negative,tagged,quotation,0.657,95,"a chain of flowers you have taken up is very easily broken, or it might become a chain of lead."
v02_more_jo,transport,verifier_false_negative,tagged,quotation,0.659,109,"""They went on in their own wild way for a little while — I never stopped them; I enjoyed it too much myself —"
v17_trevelyan_edmund,transport,verifier_false_negative,tagged,quotation,0.661,163,"""I have something to tell her on her return in reference to the person who copied the affidavit in the Chancery suit, which so powerfully stimulated her curiosity."
v02_more_jo,transport,verifier_false_negative,inline,quotation,0.664,110,"asked him whether he slept sound at night, and how he bore cold and hunger, and whether he ever wished to die."
v13_rosen_jo,transport,verifier_false_negative,tagged,quotation,0.665,137,When I contemplated these relations between us four which have so brightened my life and so invested it with new interests and pleasures—
v29_blackstone_rosen_trevelyan,transport,verifier_false_negative,tagged,quotation,0.665,150,"The receiver in the cause has acquired a goodly sum of money by it, but has acquired too a distrust of his own mother and a contempt for his own kind."
v02_more_jo,transport,verifier_false_negative,tagged,quotation,0.667,116,"Constancy in love is a good thing, but it means nothing, and is nothing, without constancy in every kind of effort."""
v09_diverse,transport,verifier_false_negative,tagged,quotation,0.667,92,"Jo, is it thou? Well, well! Though a rejected witness, thou art not quite in outer darkness."
v23_hartley_woodcourt_rosen,transport,verifier_false_negative,tagged,quotation,0.667,136,"That one cold winter night when he, the boy, was shivering in a doorway near his crossing, the man turned to look at him, and came back."
v24_hartley_edmund_rosen,transport,verifier_false_negative,tagged,quotation,0.667,48,Six words: 'the room darkened as they went out.'
v27_blackstone_edmund_rosen,transport,verifier_false_negative,tagged,quotation,0.667,272,"When I contemplated these relations between us four which have so brightened my life and so invested it with new interests and pleasures, I certainly did contemplate, afar off, the possibility of you and your pretty cousin here being in a mind to go through life together."
v29_blackstone_rosen_trevelyan,transport,verifier_false_negative,tagged,quotation,0.667,136,"That one cold winter night when he, the boy, was shivering in a doorway near his crossing, the man turned to look at him, and came back."
v09_diverse,transport,verifier_false_negative,tagged,quotation,0.668,173,"Richard, more worn and haggard, haunted the court day after day, listlessly sat there the whole day long when he knew there was no remote chance of the suit being mentioned."
v11_marxist,transport,verifier_false_negative,tagged,quotation,0.668,173,"Richard, more worn and haggard, haunted the court day after day, listlessly sat there the whole day long when he knew there was no remote chance of the suit being mentioned."
v18_trevelyan_rosen,transport,verifier_false_negative,tagged,quotation,0.668,173,"Richard, more worn and haggard, haunted the court day after day, listlessly sat there the whole day long when he knew there was no remote chance of the suit being mentioned."
v25_hartley_rosen_trevelyan,transport,verifier_false_negative,tagged,quotation,0.668,173,"Richard, more worn and haggard, haunted the court day after day, listlessly sat there the whole day long when he knew there was no remote chance of the suit being mentioned."
v29_blackstone_rosen_trevelyan,transport,verifier_false_negative,tagged,quotation,0.668,173,"Richard, more worn and haggard, haunted the court day after day, listlessly sat there the whole day long when he knew there was no remote chance of the suit being mentioned."
v15_trevelyan_for_hartley,transport,verifier_false_negative,tagged,quotation,0.669,167,"She writes that Richard ""haunted the court day after day, listlessly sat there the whole day long when he knew there was no remote chance of the suit being mentioned."""
v26_blackstone_woodcourt_edmund,transport,verifier_false_negative,tagged,quotation,0.669,125,"They all looked up at us as we came in, and the woman seemed to turn her face towards the fire as if to hide her bruised eye."
v17_trevelyan_edmund,transport,verifier_false_negative,tagged,quotation,0.670,265,"They went on in their own wild way for a little while — I never stopped them; I enjoyed it too much myself — and then we gradually fell to considering how young they were, and how there must be a lapse of several years before this early love could come to anything."
v06_quality,transport,verifier_false_negative,tagged,quotation,0.675,104,"""This has been a great cause, that this has been a protracted cause, that this has been a complex cause."
v17_trevelyan_edmund,transport,verifier_false_negative,tagged,quotation,0.678,75,"— what do you find it to be but a will, you see. That's the drollery of it."
v29_blackstone_rosen_trevelyan,transport,verifier_false_negative,tagged,quotation,0.683,167,She writes: 'I will not dwell on the suspense and anxiety with which I reflected all this time that we were leaving my mother farther and farther behind every minute.'
v23_hartley_woodcourt_rosen,transport,verifier_false_negative,inline,uncertain,0.684,52,"fog everywhere, fog up the river, fog down the river"
v26_blackstone_woodcourt_edmund,transport,verifier_false_negative,tagged,quotation,0.693,135,"For many years, the flower of the bar, and the matured autumnal fruits of the woolsack — have been lavished upon Jarndyce and Jarndyce."
v03_strict,transport,verifier_false_negative,tagged,quotation,0.695,167,Jarndyce tells Esther: 'That more than this she would never — and he was well persuaded of the steadfastness of her resolution — for any human consideration disclose.'
v25_hartley_rosen_trevelyan,transport,verifier_false_negative,inline,quotation,0.695,61,"Again — again, next day — again, for many days in succession."
v01_baseline,transport,verifier_false_negative,tagged,quotation,0.709,132,— how little I thought in whose unquiet bosom that handkerchief would come to lie after covering the motionless and peaceful breast!
v06_quality,transport,verifier_false_negative,tagged,quotation,0.709,132,— how little I thought in whose unquiet bosom that handkerchief would come to lie after covering the motionless and peaceful breast!
v01_baseline,transport,verifier_false_negative,tagged,quotation,0.714,177,"Dickens describes Lady Dedlock as 'always the same exhausted deity, surrounded by worshippers, and terribly liable to be bored to death, even while presiding at her own shrine.'"
v18_trevelyan_rosen,transport,verifier_false_negative,inline,uncertain,0.716,36,uneasily across and across his mouth
v12_radical_panel,transport,verifier_false_negative,tagged,quotation,0.716,101,"the flower of the bar, and the — I would presume to add, the matured autumnal fruits of the woolsack."
v25_hartley_rosen_trevelyan,transport,verifier_false_negative,tagged,quotation,0.716,101,"The flower of the bar, and the — I would presume to add, the matured autumnal fruits of the woolsack."
v26_blackstone_woodcourt_edmund,transport,verifier_false_negative,tagged,quotation,0.725,199,"Then she says the love can only come to happiness ""if it were real and lasting and inspired them with a steady resolution to do their duty to each other, with constancy, fortitude, and perseverance."""
v10_conservative,transport,verifier_false_negative,tagged,quotation,0.733,148,"And balanced against that is Tulkinghorn: 'the same speechless repository of noble confidences, so oddly out of place and yet so perfectly at home.'"
v26_blackstone_woodcourt_edmund,transport,verifier_false_negative,tagged,quotation,0.734,79,He has acquired 'a distrust of his own mother and a contempt for his own kind.'
v09_diverse,transport,verifier_false_negative,tagged,quotation,0.737,149,"The flower of the bar, and the — I would presume to add, the matured autumnal fruits of the woolsack — have been lavished upon Jarndyce and Jarndyce."
v15_trevelyan_for_hartley,transport,verifier_false_negative,tagged,quotation,0.737,149,"the flower of the bar, and the — I would presume to add, the matured autumnal fruits of the woolsack — have been lavished upon Jarndyce and Jarndyce."
v21_hartley_blackstone_edmund,transport,verifier_false_negative,tagged,quotation,0.737,149,"the flower of the bar, and the — I would presume to add, the matured autumnal fruits of the woolsack — have been lavished upon Jarndyce and Jarndyce."
v01_baseline,transport,verifier_false_negative,tagged,quotation,0.747,130,"Allan, take from me a willing gift, the best wife that ever man had. What more can I say for you than that I know you deserve her!"
v04_craft_focus,transport,verifier_false_negative,tagged,quotation,0.747,130,"Allan, take from me a willing gift, the best wife that ever man had. What more can I say for you than that I know you deserve her!"
v08_tight_budget,transport,verifier_false_negative,tagged,quotation,0.747,130,"Allan, take from me a willing gift, the best wife that ever man had. What more can I say for you than that I know you deserve her!"
v13_rosen_jo,transport,verifier_false_negative,tagged,quotation,0.747,130,"Allan, take from me a willing gift, the best wife that ever man had. What more can I say for you than that I know you deserve her!"
v15_trevelyan_for_hartley,transport,verifier_false_negative,tagged,quotation,0.747,130,"Allan, take from me a willing gift, the best wife that ever man had. What more can I say for you than that I know you deserve her!"
v16_trevelyan_for_blackstone,transport,verifier_false_negative,tagged,quotation,0.747,130,"Allan, take from me a willing gift, the best wife that ever man had. What more can I say for you than that I know you deserve her!"
v20_trevelyan_jo,transport,verifier_false_negative,tagged,quotation,0.747,130,"Allan, take from me a willing gift, the best wife that ever man had. What more can I say for you than that I know you deserve her!"
v22_hartley_blackstone_rosen,transport,verifier_false_negative,tagged,quotation,0.747,130,"Allan, take from me a willing gift, the best wife that ever man had. What more can I say for you than that I know you deserve her!"
v23_hartley_woodcourt_rosen,transport,verifier_false_negative,tagged,quotation,0.747,130,"Allan, take from me a willing gift, the best wife that ever man had. What more can I say for you than that I know you deserve her!"
v25_hartley_rosen_trevelyan,transport,verifier_false_negative,tagged,quotation,0.747,130,"Allan, take from me a willing gift, the best wife that ever man had. What more can I say for you than that I know you deserve her!"
v29_blackstone_rosen_trevelyan,transport,verifier_false_negative,tagged,quotation,0.747,130,"Allan, take from me a willing gift, the best wife that ever man had. What more can I say for you than that I know you deserve her!"
v30_woodcourt_edmund_trevelyan,transport,verifier_false_negative,tagged,quotation,0.747,130,"Allan, take from me a willing gift, the best wife that ever man had. What more can I say for you than that I know you deserve her!"
v15_trevelyan_for_hartley,transport,verifier_false_negative,tagged,quotation,0.749,101,"The Court of Chancery, though the shining subject of much popular prejudice... was almost immaculate."
v29_blackstone_rosen_trevelyan,transport,verifier_false_negative,tagged,quotation,0.749,101,"The Court of Chancery, though the shining subject of much popular prejudice... was almost immaculate."
